semester1,semester2,semester3,semester4
2.3,1.97,1.8,1.56
1.81,1.68,1.57,1.86
3.07,3.0,2.75,3.21
2.71,2.33,2.61,1.98
3.17,3.02,3.28,2.96
3.16,3.45,3.02,3.06
2.72,2.5,2.92,3.0
2.97,3.27,2.9,2.83
2.72,2.61,2.64,2.46
2.78,2.85,3.08,3.35
2.5,1.56,3.17,3.33
2.19,2.92,2.54,2.67
3.43,3.18,3.41,3.45
3.14,2.75,3.01,3.38
3.04,2.95,3.14,2.98
2.83,2.56,3.0,2.79
2.6,2.72,3.08,2.54
2.98,3.02,2.98,2.9
3.1,3.34,3.38,3.42
2.52,2.36,1.85,2.73
3.17,3.5,3.46,3.58
3.06,3.21,3.23,3.35
2.92,1.78,3.21,3.04
3.0,1.5,3.23,3.15
3.1,3.39,3.17,3.08
2.84,3.02,3.21,2.83
3.02,2.97,3.04,3.04
2.95,3.4,2.67,3.42
3.02,3.48,3.15,3.19
3.11,3.48,2.73,3.35
2.91,3.31,3.18,3.15
3.3,3.31,2.6,3.17
2.98,3.31,2.6,3.17
2.88,2.73,2.6,3.15
3.02,3.38,3.2,3.17
3.32,3.58,3.38,3.38
3.32,3.65,3.42,3.42
3.16,3.56,3.1,3.58
3.3,3.37,3.12,3.54
3.32,3.38,3.47,3.6
2.95,2.73,3.1,3.46
3.18,3.5,2.75,3.32
3.22,3.48,2.62,3.15
3.39,3.55,3.23,3.04
3.1,2.58,2.75,2.67
2.44,2.86,2.86,1.58
3.02,3.1,3.04,3.24
2.68,2.89,2.77,2.85
3.24,3.12,3.2,3.7
3.02,3.0,2.94,3.46
3.15,3.27,3.02,3.32
2.71,2.88,2.65,2.65
2.57,2.45,2.79,2.99
3.62,3.56,3.54,3.79
2.97,2.85,3.05,2.97
3.13,3.0,3.33,2.47
2.8,2.81,2.65,3.28
2.86,2.77,2.67,3.33
2.83,3.13,3.02,3.4
2.87,3.12,2.93,3.47
2.91,3.17,2.95,3.34
2.94,3.19,2.84,3.52
2.94,3.19,3.05,3.64
2.94,3.23,3.09,3.57
2.86,2.67,3.14,3.26
2.85,2.83,2.84,3.47
2.99,3.12,2.89,3.43
2.82,2.94,2.52,3.17
2.66,3.44,2.77,3.57
3.13,2.9,2.73,3.34
3.25,2.75,3.25,2.89
3.35,2.96,2.8,3.24
3.35,2.79,2.89,3.52
3.4,3.62,2.93,3.61
3.4,3.15,2.95,3.5
3.43,3.22,3.06,3.16
3.35,2.91,3.14,3.34
3.49,3.22,3.08,3.59
3.5,2.71,3.16,3.5
2.71,3.25,2.71,2.5
2.88,2.86,2.96,3.24
3.18,3.34,3.19,3.47
2.92,1.5,2.94,3.04
2.86,2.3,2.76,3.12
3.04,3.07,2.98,3.01
2.7,2.41,2.98,3.09
3.12,3.27,3.19,3.18
3.05,2.28,2.74,3.09
2.5,2.12,2.53,2.34
3.12,2.69,2.03,2.75
2.89,2.68,2.65,1.15
3.0,2.95,2.99,1.16
3.23,2.91,2.98,3.41
3.06,3.34,3.22,3.43
3.05,2.91,3.04,3.19
2.98,3.07,2.7,3.12
3.32,3.11,2.96,3.59
2.82,3.11,2.66,1.13
2.89,3.09,3.06,3.26
3.0,3.14,3.28,3.25
2.73,3.25,2.22,3.06
2.92,2.64,2.59,1.09
3.12,2.94,2.96,3.13
2.98,3.22,3.5,3.51
3.0,3.38,3.24,3.32
2.94,3.1,3.37,3.42
2.8,3.22,2.98,3.09
2.76,3.07,3.43,3.08
2.16,3.0,2.5,3.13
2.95,3.0,3.2,3.26
3.06,2.94,3.31,3.44
2.95,3.06,2.85,3.27
2.95,2.97,2.38,2.18
3.1,2.84,3.14,3.1
3.18,3.09,2.8,3.06
2.98,3.03,2.88,3.15
2.84,3.12,2.72,2.93
3.25,3.54,3.49,3.28
2.81,2.97,3.04,2.82
3.19,3.22,3.35,3.02
2.9,3.16,3.2,3.18
2.98,2.81,2.81,2.91
2.89,2.95,3.06,3.04
2.85,3.12,2.54,3.1
2.96,2.95,2.99,3.2
3.3,3.28,3.41,3.56
3.28,2.92,3.2,3.52
3.1,3.31,3.31,3.52
3.02,3.02,3.16,3.5
2.71,3.1,3.14,3.4
3.06,2.8,3.25,3.56
3.15,2.82,3.31,3.42
2.68,3.06,2.75,3.07
3.1,3.16,3.75,3.39
2.85,2.94,3.19,3.12
3.27,3.32,3.32,3.48
2.63,3.52,3.27,3.58
2.85,2.92,3.04,3.23
3.32,3.39,3.25,3.25
3.21,3.45,3.31,3.31
2.83,3.09,3.5,3.46
3.15,3.34,3.56,3.4
3.11,2.88,3.14,3.06
2.98,3.05,3.35,3.4
3.02,3.23,3.42,3.38
3.06,3.05,3.38,3.44
3.15,3.38,3.44,3.44
3.48,3.44,3.48,3.4
2.81,3.23,3.04,3.35
2.33,3.33,2.83,3.21
2.94,3.09,2.9,3.4
2.96,3.09,3.15,3.35
3.64,3.38,3.65,3.46
2.67,3.25,2.65,3.43
3.13,3.27,3.15,3.4
3.19,3.48,2.82,3.59
3.06,2.55,2.77,2.98
2.94,3.48,3.02,2.89
2.67,2.59,2.75,2.84
2.87,2.98,2.97,3.0
3.34,3.17,3.42,3.3
3.26,3.32,3.21,2.92
3.53,3.5,3.58,3.39
3.23,2.48,3.34,2.91
3.52,2.8,3.61,3.05
3.2,3.32,2.87,2.82
2.98,3.16,2.95,2.98
3.25,2.75,2.05,2.91
3.06,2.73,2.63,2.52
3.12,3.36,2.18,2.78
2.84,2.89,1.97,2.7
2.86,2.32,2.89,2.77
2.77,2.16,3.13,2.8
3.19,3.14,3.58,2.93
3.2,2.41,3.24,2.84
3.18,3.0,3.0,2.84
3.22,2.39,3.16,3.18
3.26,3.08,3.34,3.41
2.95,2.92,3.04,2.88
2.88,3.35,2.74,3.08
3.75,3.25,2.17,3.36
3.08,3.31,3.34,2.8
2.88,3.17,2.94,3.15
3.41,3.16,3.28,3.34
3.15,3.12,3.22,3.28
3.32,3.52,3.64,3.55
3.26,3.48,3.46,3.45
3.08,3.44,3.46,3.65
3.42,3.6,3.64,3.5
3.35,3.4,3.39,3.52
3.2,3.38,3.43,3.32
2.73,3.44,3.5,3.66
3.22,3.44,3.57,3.57
3.0,3.35,3.29,3.38
3.2,3.42,3.36,3.42
3.1,3.37,3.36,3.42
2.85,3.45,2.86,2.95
3.32,3.5,3.38,2.44
2.94,1.38,2.12,1.52
3.18,1.79,2.94,1.85
3.16,1.84,2.75,1.96
2.75,0.23,1.25,1.56
2.83,2.07,1.25,1.44
3.17,1.14,0.88,1.77
3.28,3.0,3.1,2.61
3.32,0.95,3.35,2.04
2.36,1.44,2.65,1.54
2.06,2.38,1.88,1.5
2.98,2.89,3.15,3.08
3.56,3.34,3.35,3.35
3.06,2.61,0.55,1.46
2.21,2.34,1.72,1.31
2.92,2.75,3.29,2.04
3.07,2.07,3.29,2.12
2.95,2.16,3.21,2.08
3.11,2.2,3.35,2.12
3.48,2.25,3.54,2.23
3.27,2.12,3.44,2.19
3.27,2.12,3.41,2.02
3.27,1.91,3.39,2.08
3.2,2.11,3.44,2.0
3.05,2.18,3.35,2.15
3.2,2.21,3.39,2.15
3.0,2.04,3.32,2.15
2.95,3.56,3.33,2.1
2.91,3.47,3.16,1.9
3.0,3.19,3.27,1.98
2.59,3.47,3.08,1.79
3.09,3.04,3.15,3.55
1.94,1.37,2.04,2.14
3.23,3.2,3.14,3.56
3.12,3.35,2.72,1.97
2.2,2.48,2.51,1.39
2.85,2.32,2.16,3.12
2.49,1.67,1.63,3.11
2.87,3.01,3.16,3.1
3.15,3.02,3.4,3.48
1.96,3.08,1.65,3.06
3.18,3.12,3.2,3.23
2.52,3.03,2.25,2.94
2.91,2.95,2.2,2.76
2.62,3.0,2.75,3.22
2.3,3.02,2.74,3.4
2.82,2.83,2.8,3.07
2.65,2.75,2.48,3.08
2.83,1.48,1.87,2.44
3.16,3.34,3.18,3.27
3.04,2.8,2.94,3.47
1.57,1.68,2.93,2.81
3.3,2.98,2.91,3.19
2.48,3.06,3.04,3.31
2.84,3.42,3.38,3.52
2.5,2.33,2.98,3.19
2.7,2.59,3.12,3.44
2.89,3.44,3.19,3.35
2.98,3.14,3.2,3.11
2.93,3.52,3.35,3.21
2.75,1.52,2.58,2.65
2.75,3.19,3.02,2.94
3.27,3.46,3.44,3.42
2.91,2.98,2.96,2.83
2.7,3.04,3.08,2.75
3.32,3.17,3.18,2.06
3.23,3.38,3.52,3.17
3.48,3.48,3.48,3.67
3.61,3.67,3.69,3.77
3.41,3.4,3.62,3.5
3.22,3.29,3.44,3.48
3.45,3.54,3.48,3.52
3.3,3.35,3.38,3.46
3.68,3.58,3.62,3.6
3.66,3.6,3.65,3.58
3.5,3.5,3.46,3.44
3.34,3.2,3.38,3.5
2.91,3.04,3.25,3.48
3.36,3.25,3.42,3.6
3.0,3.13,3.12,3.29
3.34,3.38,3.48,3.6
2.91,3.31,3.48,3.46
2.78,2.81,2.98,3.29
3.18,3.46,3.4,3.62
3.55,3.54,3.6,3.71
3.34,3.56,3.58,3.6
3.52,3.38,3.33,3.52
3.57,3.35,3.44,3.75
3.5,3.33,3.46,3.58
3.09,3.35,3.52,3.56
2.84,1.21,3.38,3.57
3.32,3.75,3.4,3.35
3.09,2.93,3.5,3.65
2.68,2.0,3.29,3.33
2.93,2.82,3.0,3.0
2.7,1.1,3.32,2.9
2.77,1.25,3.3,3.12
3.05,1.4,3.39,3.28
3.08,1.3,3.43,3.3
2.56,0.95,3.21,3.05
2.3,2.52,3.38,2.38
1.69,2.81,2.73,2.41
2.89,3.35,3.22,3.06
2.5,2.52,2.65,3.08
3.38,3.42,3.72,3.4
3.71,3.44,3.77,3.05
3.06,3.48,3.03,2.85
2.58,3.45,3.23,3.49
3.38,3.38,3.07,3.01
3.48,3.56,3.58,3.19
3.3,3.32,3.18,2.92
3.6,3.6,3.43,3.28
2.49,3.18,3.33,2.92
3.5,3.38,3.52,3.26
3.55,3.46,3.27,2.98
3.47,3.5,3.68,3.55
3.06,3.23,3.43,3.34
3.5,3.42,3.25,3.02
3.55,3.6,3.5,3.4
3.47,3.27,3.07,3.25
3.46,3.21,3.58,3.61
3.37,3.38,3.32,3.75
2.95,3.08,3.12,3.19
3.52,3.21,3.6,3.59
3.53,3.04,3.63,3.75
3.45,3.21,3.69,3.53
3.11,3.0,3.5,3.28
3.19,3.17,3.46,3.5
3.58,3.23,3.58,3.64
3.31,3.43,3.62,3.44
3.55,3.35,3.81,3.62
2.58,1.28,3.63,3.41
3.25,3.42,3.56,3.71
2.7,1.25,3.65,3.36
2.73,1.14,3.35,3.44
3.11,1.25,3.67,3.5
2.83,1.32,3.58,3.16
3.21,2.9,3.46,3.27
2.5,2.52,3.75,3.78
3.38,3.2,3.48,3.13
2.45,3.34,3.1,2.64
1.51,3.12,2.77,3.65
2.65,1.55,2.94,2.85
2.7,1.72,2.72,2.93
2.58,1.72,2.95,2.62
3.13,3.3,3.06,3.17
3.38,3.28,3.39,3.34
3.11,3.43,3.27,3.09
3.15,3.3,3.08,3.08
3.34,3.41,2.9,2.66
3.36,3.41,3.06,2.58
3.39,3.34,2.99,2.63
3.43,3.43,3.07,2.65
3.32,3.4,3.05,2.63
3.52,3.45,3.51,2.71
3.48,3.39,3.05,2.79
3.36,3.16,2.92,2.5
3.32,3.36,3.39,2.6
3.29,3.2,2.96,2.38
3.27,3.27,2.92,1.83
3.32,3.23,2.82,2.52
1.88,1.42,3.16,3.29
1.9,1.09,3.14,3.35
2.19,1.89,3.14,3.37
3.27,1.8,3.2,3.28
1.86,1.84,3.2,3.37
1.8,1.52,3.09,3.4
2.05,1.91,3.24,3.41
1.99,1.77,3.21,3.34
1.85,1.64,3.15,3.37
1.92,1.57,3.0,3.15
2.17,1.8,3.16,3.31
2.25,1.73,3.14,3.47
2.09,1.64,3.11,3.48
2.05,1.66,3.04,3.06
2.25,1.84,3.19,3.64
2.25,1.64,3.18,3.25
2.53,1.89,3.19,3.5
2.2,1.57,3.0,3.28
3.07,2.14,3.11,3.51
2.84,2.19,3.51,3.4
2.86,2.19,3.46,3.43
2.62,2.38,3.56,3.59
2.81,2.19,3.39,3.46
2.78,2.06,3.44,3.19
2.84,2.0,3.46,3.19
2.41,2.22,3.44,3.31
2.72,2.18,3.26,3.36
3.17,2.41,3.57,3.37
3.36,2.34,3.6,3.44
3.06,2.07,3.49,3.11
3.32,3.25,2.92,2.56
3.15,3.14,3.29,3.41
2.5,3.31,3.24,3.22
2.85,3.22,3.28,3.31
2.59,3.25,3.21,3.22
2.43,3.11,3.16,2.97
2.69,3.17,2.89,2.99
2.75,3.25,3.21,3.06
2.55,3.17,2.84,2.84
2.88,2.75,3.28,3.19
2.8,2.83,2.91,2.56
2.16,3.14,3.16,2.85
2.66,2.78,2.85,2.69
3.15,3.31,3.51,3.07
2.5,3.09,3.18,3.06
2.48,2.97,2.82,3.13
2.6,2.79,3.07,3.07
3.14,3.28,3.32,3.56
3.05,3.22,3.26,3.49
2.65,3.07,3.12,3.01
3.15,3.22,3.32,3.32
3.11,3.06,3.21,3.45
2.21,3.11,3.01,2.69
2.36,3.14,3.14,2.76
2.82,3.19,3.25,3.28
2.89,2.86,3.15,2.41
3.14,3.75,3.18,3.26
3.31,3.22,3.44,3.23
2.44,3.08,2.65,2.76
3.15,3.3,3.04,3.01
2.54,3.33,1.77,2.86
3.02,2.48,0.81,3.45
3.35,2.34,2.92,3.39
3.27,3.42,2.69,3.52
3.06,3.34,3.07,2.84
3.17,3.11,3.17,3.08
3.31,3.14,3.17,3.21
3.53,3.53,3.19,2.73
3.35,3.37,3.44,3.15
3.42,3.27,3.23,3.13
3.19,3.39,3.52,3.13
2.85,3.25,2.06,3.45
1.68,2.05,3.32,3.31
1.75,1.95,1.82,2.28
3.29,3.25,3.01,3.32
3.22,3.45,3.19,3.54
2.49,3.29,2.99,2.93
2.84,3.16,2.82,3.25
2.98,1.95,3.06,2.48
3.0,2.5,3.17,2.54
3.3,3.32,3.39,3.18
0.85,2.95,3.22,2.52
3.24,2.93,3.22,2.48
3.41,3.11,3.04,2.48
3.22,3.43,3.54,3.16
3.08,2.98,3.39,2.39
3.21,3.07,3.24,2.35
3.22,3.0,3.24,2.41
1.5,3.09,3.63,2.61
3.4,2.73,3.57,2.5
3.22,2.91,3.22,2.39
3.04,2.93,2.91,2.39
0.83,3.75,3.18,3.38
3.48,3.3,3.14,3.22
2.77,3.2,2.65,2.25
2.93,3.2,2.65,2.25
3.14,3.16,3.02,2.2
3.11,3.23,3.16,2.15
2.95,3.25,1.95,1.83
3.11,3.2,2.14,2.05
3.0,3.14,2.08,0.9
2.68,2.52,1.4,1.62
3.07,3.27,2.65,2.25
3.05,3.64,3.01,2.68
3.07,3.34,3.02,3.02
2.95,3.27,2.58,1.96
2.7,3.36,2.68,2.56
2.59,3.52,2.45,2.66
3.16,3.11,3.09,3.25
3.11,3.02,3.08,3.25
3.57,3.48,3.5,3.58
3.32,3.36,3.59,3.42
2.67,3.36,3.41,3.5
2.93,3.14,2.92,3.45
3.0,3.05,2.89,3.2
3.54,3.39,3.46,3.71
3.32,3.05,3.18,3.25
3.04,3.05,3.31,3.29
3.32,3.2,3.2,3.55
3.36,3.39,3.56,3.46
3.0,3.08,3.31,3.61
3.58,3.13,3.29,3.42
2.89,2.88,2.83,3.52
2.94,3.65,2.95,3.45
2.27,2.0,2.76,2.93
3.33,3.33,3.56,3.64
2.94,2.56,2.83,3.02
3.17,3.12,3.43,3.22
2.91,3.12,3.48,3.61
2.45,3.0,3.25,3.43
3.15,3.0,3.52,3.59
2.91,3.11,2.98,3.09
3.15,3.36,3.38,3.41
3.04,3.18,3.39,3.43
3.08,3.05,3.42,3.14
3.54,2.77,3.8,3.68
3.21,2.79,3.28,3.45
3.46,2.7,3.73,3.66
3.14,2.25,3.3,3.57
3.17,2.41,3.48,3.59
3.29,2.25,3.72,3.5
3.1,2.8,3.17,3.61
3.12,2.52,3.48,3.64
3.25,2.45,3.58,3.57
3.22,1.91,2.52,3.59
3.25,2.35,3.59,3.57
3.08,2.6,3.3,3.57
3.42,2.79,3.7,3.8
3.6,3.28,3.52,3.7
3.07,3.19,3.4,3.2
3.19,3.26,3.52,3.3
2.8,2.08,2.29,2.4
3.27,3.29,3.46,3.55
3.08,4.0,2.71,3.27
3.26,3.0,3.9,3.66
2.56,2.62,2.48,3.15
2.97,3.85,3.5,3.7
3.07,3.35,3.56,3.5
2.23,2.0,2.03,1.88
3.19,3.02,2.57,3.57
1.68,3.3,3.11,2.92
2.91,3.4,3.48,3.5
3.03,3.48,3.83,3.48
3.33,3.2,3.52,3.57
2.54,3.27,2.9,2.95
2.23,2.48,2.5,2.48
2.91,2.95,3.52,2.78
3.45,3.25,3.65,3.61
2.71,2.99,3.22,3.05
3.17,2.37,2.08,3.06
2.38,2.58,3.4,3.11
3.23,2.63,2.98,3.16
3.24,2.8,3.42,3.16
2.85,2.58,3.37,2.34
3.09,3.62,3.45,3.34
3.19,3.48,3.43,3.39
3.15,3.73,3.82,3.43
3.31,3.59,2.67,3.67
3.06,3.59,3.48,3.39
2.91,3.68,3.38,2.93
3.12,3.67,3.52,3.61
3.08,3.59,3.52,3.16
2.97,3.66,3.43,3.32
3.09,3.59,3.6,2.98
3.18,3.72,3.75,3.39
3.01,3.65,3.77,3.41
3.2,3.47,3.63,3.5
3.2,3.67,3.58,3.45
2.97,3.6,3.42,3.34
3.35,3.63,3.63,3.36
3.34,3.66,3.48,3.34
3.45,3.62,3.67,3.34
2.96,3.49,3.42,3.23
3.27,3.66,3.63,3.48
3.02,3.31,3.45,3.11
3.51,3.72,3.63,3.68
3.05,3.45,3.47,3.2
2.81,3.45,3.67,3.27
2.86,3.4,3.23,3.2
3.32,3.48,3.58,3.57
2.39,3.46,3.08,3.34
2.4,3.28,3.05,3.39
2.98,3.71,3.43,3.7
1.62,2.51,2.04,1.9
2.56,2.93,2.5,3.16
3.02,3.56,2.77,3.23
3.02,3.71,3.48,3.45
2.83,3.04,2.88,3.35
2.59,3.56,3.1,1.18
2.9,3.49,3.08,3.55
3.22,3.72,3.28,3.55
2.74,3.21,2.68,3.48
2.69,3.06,3.13,3.43
2.56,3.34,2.49,3.3
2.9,3.42,2.91,3.44
2.93,3.22,2.97,3.5
2.47,3.41,2.22,1.96
2.98,3.72,3.47,3.34
2.92,3.4,3.37,3.36
2.38,3.13,3.42,3.25
3.08,3.5,3.55,3.45
3.03,3.72,3.47,3.7
3.35,3.54,2.89,3.64
3.15,3.64,3.22,3.57
2.87,3.65,3.29,3.14
3.04,3.34,3.42,3.08
2.8,3.07,3.11,2.73
3.57,3.5,3.58,3.48
3.07,3.35,3.36,3.51
2.63,2.83,3.36,3.46
2.9,3.62,3.61,3.43
3.15,3.45,3.25,3.59
3.01,3.51,3.28,3.43
3.73,3.64,3.56,3.72
3.33,3.28,3.44,3.61
3.03,3.59,3.47,3.31
3.51,3.7,3.44,3.68
3.25,3.6,3.39,3.49
2.91,3.26,3.22,3.56
2.91,3.28,3.28,3.13
2.91,3.4,3.36,3.42
2.98,3.58,3.5,3.54
3.02,3.38,3.22,3.44
3.58,3.84,3.25,3.64
2.92,3.15,3.28,3.32
3.08,3.59,3.39,3.49
2.25,1.35,3.25,3.06
3.4,3.48,3.36,3.7
3.25,3.11,3.19,3.29
2.82,2.79,3.17,3.04
3.15,3.17,3.22,3.15
3.2,3.19,3.14,3.38
3.05,3.11,3.03,3.11
3.1,3.17,3.28,3.46
3.4,3.24,3.28,3.46
2.9,3.09,3.14,3.38
3.18,2.89,3.28,3.3
2.92,2.83,3.22,3.12
1.7,1.54,2.28,1.56
2.5,2.37,2.92,3.36
3.02,2.78,2.81,3.1
3.42,3.48,3.28,3.74
3.62,3.55,3.64,3.72
3.4,3.33,3.14,3.63
3.6,3.47,3.36,3.73
2.4,2.22,3.22,3.2
3.25,2.9,3.03,3.5
3.15,3.17,3.14,3.38
3.32,2.93,3.22,3.59
3.18,2.6,3.25,3.2
3.32,3.07,3.31,3.48
3.62,3.1,3.03,3.57
3.22,2.86,2.86,3.19
2.51,1.35,2.77,2.98
2.67,1.77,2.96,3.06
2.67,1.46,3.42,3.12
2.38,1.55,2.79,3.52
2.2,2.39,2.85,3.0
2.91,2.55,3.09,2.93
3.1,2.72,3.4,3.1
3.23,2.78,3.35,2.83
3.21,2.27,3.0,2.45
3.4,3.06,3.56,3.02
3.47,3.32,3.77,3.29
3.1,2.45,3.04,2.88
2.46,2.61,3.08,2.48
2.66,2.77,3.03,3.26
3.07,3.31,3.37,3.42
2.97,2.81,3.11,3.34
3.02,2.83,3.0,3.51
3.47,2.95,3.3,3.74
3.05,2.95,3.29,3.57
3.65,3.44,3.34,3.45
3.01,3.4,3.26,3.25
1.9,1.62,3.24,3.34
3.01,3.05,3.03,3.31
3.36,3.7,3.67,3.71
3.01,3.22,3.09,3.33
3.29,3.24,3.25,3.25
2.76,2.61,3.16,3.34
3.22,2.48,3.13,3.25
3.13,2.94,2.68,3.42
3.0,3.19,3.2,3.25
3.32,3.44,3.58,3.34
3.39,2.59,3.0,2.19
2.38,2.39,2.54,2.75
2.62,2.93,2.63,2.25
3.42,3.75,3.42,3.31
3.6,3.72,3.82,3.61
2.67,2.68,3.61,3.0
3.25,2.92,2.87,2.83
3.31,3.54,3.36,3.12
2.76,2.85,3.03,3.21
3.19,3.11,3.19,2.41
3.6,3.36,3.34,3.3
3.86,3.64,3.49,3.45
2.84,2.34,2.72,2.81
3.47,3.42,3.57,3.65
3.34,3.22,3.31,3.43
3.6,3.53,3.44,3.59
3.39,3.14,3.17,3.39
3.26,3.05,3.36,3.51
3.31,3.22,3.65,3.66
3.28,3.23,3.12,3.27
3.21,3.11,3.12,3.33
3.27,3.2,3.32,3.43
3.45,3.48,3.38,3.55
3.32,3.14,3.14,3.42
3.33,3.07,3.12,3.41
3.24,3.1,3.25,3.51
3.23,3.14,3.11,3.23
3.42,3.33,3.56,3.64
3.28,3.42,3.29,3.5
3.44,3.12,3.17,3.49
3.25,3.24,3.21,3.37
3.38,3.06,2.96,3.28
3.39,3.2,3.26,3.55
3.55,3.53,3.6,3.64
3.22,3.0,2.96,3.25
3.19,3.03,3.24,3.28
3.19,3.33,3.37,3.69
3.03,3.25,3.25,3.53
3.15,3.52,3.55,3.76
3.2,3.57,3.49,3.68
3.17,3.36,3.8,3.74
3.16,3.51,3.67,3.55
3.11,3.04,3.16,3.27
2.99,3.06,3.32,3.36
3.15,3.43,3.41,3.73
3.14,3.32,3.37,3.56
3.12,3.49,3.53,3.75
3.06,3.05,3.18,3.36
3.01,3.1,3.11,3.4
3.02,3.05,3.26,3.38
3.02,2.99,3.21,3.47
3.08,3.05,3.22,3.49
3.09,3.14,3.32,3.39
3.0,3.05,3.09,3.44
3.17,3.26,3.62,3.66
3.02,3.11,3.11,3.26
2.73,3.23,3.29,2.94
3.04,3.15,3.56,2.92
3.22,3.38,3.61,3.81
2.94,2.8,3.63,2.85
2.38,2.98,3.35,2.73
3.04,2.96,3.15,3.54
3.57,3.25,3.35,3.2
3.4,3.29,3.52,3.05
3.52,3.29,3.58,3.18
3.57,3.35,3.58,3.45
3.43,3.38,3.54,3.11
3.59,3.5,3.58,3.3
3.36,3.35,3.35,3.02
3.68,3.65,3.71,3.52
3.36,3.42,3.29,3.1
3.34,3.27,3.52,3.07
3.3,3.23,3.55,3.07
3.18,3.33,3.43,3.0
3.05,3.21,3.43,3.05
3.32,3.35,3.52,3.28
3.57,3.27,3.23,3.09
3.45,3.29,3.64,3.39
3.09,3.25,3.42,3.14
3.11,3.19,3.06,3.12
3.59,3.46,3.62,3.45
3.3,3.46,3.55,3.25
3.3,3.27,3.56,3.28
3.22,3.06,3.42,3.05
3.27,3.34,3.59,3.11
3.52,3.23,3.48,3.28
3.77,3.52,3.57,3.41
3.68,3.58,3.72,3.45
3.18,3.04,3.38,3.14
3.25,3.21,3.23,3.22
3.25,3.08,3.31,2.91
3.32,3.59,3.45,3.3
3.36,3.35,3.33,3.34
3.14,3.27,3.52,3.08
3.19,3.25,3.58,3.5
2.91,3.06,3.32,3.38
3.23,3.3,3.15,3.39
3.43,3.6,3.38,3.59
3.57,3.67,3.48,3.57
3.16,3.31,3.05,3.61
3.59,3.67,3.52,3.64
3.34,3.19,2.98,3.39
3.5,3.55,3.65,3.66
3.5,3.58,3.48,3.61
3.36,3.34,3.44,3.59
3.5,3.66,3.41,3.57
3.57,3.59,3.33,3.52
3.58,3.52,3.38,3.59
3.64,3.54,3.43,3.66
3.5,3.48,3.31,3.5
3.45,3.5,3.67,3.7
3.5,3.58,3.48,3.68
3.09,3.52,3.48,3.66
3.55,3.52,3.52,3.61
3.62,3.62,3.54,3.68
3.27,3.45,3.62,3.75
3.6,3.73,3.54,3.61
3.3,3.5,3.2,3.41
3.61,3.59,3.36,3.66
3.61,3.54,3.35,3.73
3.43,3.38,3.46,3.66
3.66,3.62,3.71,3.68
3.36,3.42,3.25,3.34
3.35,3.27,3.27,3.43
3.15,2.86,3.52,3.08
3.57,3.65,3.6,3.8
3.43,3.47,3.43,3.59
3.38,3.47,3.27,3.55
3.65,3.31,3.64,3.14
3.38,3.33,3.23,3.59
3.48,3.42,3.33,3.3
3.12,3.4,3.27,3.3
3.09,3.4,3.38,3.2
3.64,3.69,3.64,3.59
3.05,3.08,3.15,3.2
3.26,3.4,3.38,3.43
3.58,3.55,3.46,3.36
3.08,3.38,3.0,3.14
3.06,3.3,3.33,3.34
2.98,2.68,3.16,3.15
3.35,3.25,3.27,3.25
3.05,3.06,3.17,2.91
3.2,3.23,3.29,3.27
3.69,3.71,3.67,3.57
3.4,2.98,3.25,3.23
3.52,3.5,3.59,3.64
3.52,3.38,3.52,3.64
3.65,3.47,3.46,3.66
3.71,3.6,3.71,3.55
3.52,3.31,3.52,3.48
3.65,3.4,3.65,3.58
3.6,3.4,3.54,3.66
3.62,3.6,3.52,3.68
3.73,3.62,3.67,3.75
3.42,2.97,3.29,3.24
3.6,3.31,3.44,3.73
3.54,3.4,3.48,3.68
3.54,3.58,3.56,3.89
3.73,3.54,3.64,3.7
3.52,3.46,3.45,3.73
3.67,3.56,3.5,3.57
2.71,3.39,3.39,3.43
3.58,3.42,3.27,3.67
3.48,3.08,3.4,3.5
3.17,3.35,3.33,3.34
3.32,3.21,3.44,3.39
3.53,3.62,3.65,3.5
3.45,3.48,3.58,3.8
3.35,3.48,3.66,3.32
3.4,3.44,3.33,3.48
3.31,3.32,3.3,3.47
3.44,3.45,3.38,3.46
3.27,3.18,3.27,3.45
3.19,3.27,3.4,3.52
3.38,3.43,3.27,3.42
3.29,3.27,3.2,3.42
3.45,3.2,3.34,3.4
3.52,3.43,3.3,3.47
3.44,3.39,3.32,3.38
3.54,3.52,3.46,3.56
3.19,3.43,2.0,3.33
3.48,2.96,3.29,3.36
3.6,3.27,3.5,3.47
3.46,3.3,3.38,3.43
3.52,3.57,3.46,3.54
3.31,3.14,3.27,3.38
3.19,3.16,3.38,3.45
3.06,3.14,3.44,3.48
3.17,3.05,3.38,3.5
2.88,2.98,3.35,3.54
2.98,3.25,3.31,3.46
3.27,3.11,3.33,3.52
3.06,3.16,3.48,3.52
3.12,3.14,3.27,3.47
3.15,3.05,3.48,3.58
3.03,3.11,3.29,3.43
3.1,3.11,3.33,3.48
3.0,3.09,3.17,3.46
3.0,3.2,3.27,3.52
3.12,3.11,3.23,3.48
3.25,3.41,3.4,3.48
3.08,3.52,3.4,3.45
3.38,3.34,3.5,3.44
3.21,3.25,3.44,3.46
3.15,3.41,3.25,3.55
3.23,3.43,3.35,3.54
3.1,3.2,3.42,3.46
3.1,3.18,3.33,3.53
3.06,3.27,3.35,3.48
3.29,3.5,3.5,3.48
3.19,3.27,3.25,3.46
3.06,3.3,3.35,3.47
3.48,3.64,3.56,3.54
3.14,3.43,3.31,3.46
3.15,3.33,3.46,3.46
3.18,3.11,3.34,3.47
2.99,3.28,3.09,3.45
3.31,3.47,3.34,3.36
3.48,3.7,3.5,3.38
3.43,3.25,3.07,3.08
3.27,3.75,3.58,3.46
3.48,3.5,3.55,3.35
3.39,3.47,3.42,3.33
3.62,3.67,3.63,3.67
3.58,3.31,3.53,3.5
3.23,3.47,3.48,3.38
3.7,3.53,3.66,3.65
3.64,3.54,3.55,3.54
3.46,3.55,3.55,3.3
3.08,3.18,2.5,3.3
3.46,3.23,3.54,3.39
3.52,3.41,3.45,3.27
3.0,2.95,3.31,3.2
3.26,3.25,3.54,3.4
2.96,2.98,3.33,3.43
3.22,3.15,3.12,3.16
3.3,3.23,3.27,3.48
3.07,3.41,3.42,3.34
3.56,3.45,3.38,3.35
3.4,3.16,3.29,3.28
3.45,3.36,2.48,3.08
3.65,3.34,3.54,3.45
3.59,3.18,3.38,3.56
3.46,3.25,3.31,3.2
3.53,3.34,3.33,3.45
3.67,3.3,3.44,3.41
3.71,3.45,3.54,3.43
3.72,3.39,3.58,3.64
3.46,3.25,3.44,3.5
3.71,3.3,3.42,3.48
3.7,3.3,3.38,3.59
3.58,3.37,3.5,3.42
3.47,3.36,3.55,3.55
3.47,3.42,3.53,3.65
3.52,3.61,3.37,3.35
3.42,3.59,3.06,3.42
3.22,3.45,3.36,3.32
3.56,3.66,3.49,3.52
3.58,3.77,3.51,3.52
3.22,3.33,3.07,3.1
3.16,3.4,3.05,3.2
3.12,3.5,3.48,3.35
3.09,3.34,3.32,3.05
3.17,3.25,3.51,3.58
3.25,3.33,3.42,3.52
3.55,3.58,3.61,3.55
3.41,3.33,3.5,3.45
3.56,3.53,3.57,3.6
3.28,3.28,3.32,3.45
3.3,3.25,3.44,3.62
3.34,3.45,3.45,3.62
3.06,3.32,3.21,3.02
3.42,3.45,3.29,3.18
3.57,3.45,3.65,3.62
3.39,3.3,3.56,3.55
3.31,3.5,3.58,3.66
2.93,3.22,3.47,3.0
2.72,3.22,3.22,2.86
3.52,3.18,3.4,3.18
3.35,3.19,3.42,3.4
3.11,3.31,3.22,3.19
3.01,3.14,2.48,2.9
3.44,3.36,3.25,3.28
3.28,3.56,2.82,3.44
3.03,3.28,3.31,3.17
3.21,3.28,3.38,3.3
2.95,3.16,3.01,2.82
3.31,3.4,3.16,3.2
3.1,2.81,3.28,3.3
3.31,3.47,2.83,2.93
3.05,3.03,3.03,2.93
3.31,3.44,3.24,3.5
3.44,3.62,3.67,3.6
3.22,3.45,3.38,3.62
3.15,3.53,3.62,3.62
3.24,3.39,3.51,3.42
3.25,3.48,3.35,3.38
3.47,3.58,3.73,3.7
3.38,3.47,3.52,3.52
3.33,3.48,3.48,3.78
3.11,3.25,3.49,3.5
3.46,3.58,3.67,3.6
3.12,3.42,3.55,3.5
3.28,3.5,3.44,3.6
3.31,3.2,3.36,3.4
3.39,3.62,3.62,3.52
3.19,3.4,3.48,3.39
3.47,3.62,3.58,3.7
3.32,3.58,3.49,3.55
3.4,3.5,3.58,3.58
3.12,3.25,3.26,3.07
3.7,3.78,3.71,3.55
2.83,3.61,3.25,3.24
3.61,3.68,3.39,3.32
3.26,3.54,2.99,3.16
3.54,3.69,3.28,3.51
3.28,3.51,3.72,3.31
3.0,3.14,3.3,3.02
3.1,3.08,3.53,3.22
3.07,3.2,3.63,3.48
3.17,3.17,3.47,3.34
3.52,3.1,3.37,3.32
3.4,3.1,3.21,3.2
3.2,3.2,3.32,3.04
2.78,3.18,3.38,3.25
3.41,3.46,3.53,3.63
3.28,3.35,3.54,3.39
3.52,3.41,3.49,3.14
3.43,3.49,3.75,3.65
3.1,3.28,3.11,3.12
3.45,3.11,3.73,3.52
3.0,3.17,3.68,3.01
3.32,3.21,2.99,2.93
3.33,3.61,3.58,3.34
3.28,3.28,3.54,3.33
3.44,3.41,3.67,3.39
3.45,3.58,3.67,3.44
3.38,3.3,3.66,3.46
3.38,3.48,3.64,3.49
3.5,3.62,3.54,3.62
3.45,3.4,3.41,3.55
3.52,3.3,3.51,3.38
3.32,3.27,3.45,3.32
3.45,3.16,3.38,3.35
3.45,3.35,3.51,3.51
3.48,3.74,3.74,3.51
3.38,3.61,3.45,3.49
3.48,3.57,3.64,3.59
3.45,3.6,3.54,3.65
3.45,3.46,3.51,3.67
3.52,3.35,3.54,3.49
3.08,3.21,3.18,3.12
3.35,3.23,3.38,3.38
3.25,3.28,3.38,3.61
3.5,3.5,3.25,3.64
3.31,3.2,2.79,2.94
2.98,3.06,3.38,3.3
3.42,3.28,3.48,3.41
3.28,3.1,3.28,3.31
3.52,3.64,3.58,3.2
3.48,3.6,3.45,3.66
3.03,3.51,3.29,3.53
3.15,3.3,3.45,3.71
3.02,3.08,2.97,3.09
3.02,3.28,3.35,3.55
3.0,3.11,3.36,3.63
3.2,3.09,3.37,3.53
3.11,3.07,3.12,3.29
2.98,3.14,3.32,3.53
2.95,3.19,3.15,3.03
2.9,3.12,2.97,3.19
3.11,3.21,3.18,3.53
2.98,3.19,3.61,3.35
3.3,3.33,3.41,3.16
3.55,3.45,2.92,3.23
3.23,3.15,3.07,3.3
3.21,3.33,3.24,3.32
3.39,3.13,3.21,3.36
3.6,3.65,3.49,3.36
3.19,3.31,3.13,3.23
3.76,3.8,3.79,3.51
3.36,3.42,3.36,3.18
3.05,3.43,3.38,3.33
3.26,3.37,3.33,3.26
3.43,3.27,3.32,3.32
3.38,3.38,3.48,3.26
3.28,3.38,3.51,3.54
3.25,3.19,3.35,3.33
3.19,3.32,3.38,3.22
3.24,3.39,3.45,3.22
3.57,3.5,3.57,3.32
3.31,3.45,3.58,3.35
3.4,3.68,3.4,3.36
3.61,3.65,3.54,3.29
3.73,3.74,3.57,3.39
3.33,3.4,3.44,3.26
3.36,3.32,3.36,3.28
2.86,2.26,2.84,3.2
2.78,3.09,3.45,3.3
3.07,3.27,3.38,3.26
2.77,3.04,3.36,3.07
2.45,2.28,2.17,3.36
1.45,1.09,2.59,2.66
2.95,2.95,3.24,3.19
2.19,2.43,2.43,3.17
3.17,3.54,3.42,3.49
2.75,3.17,2.93,3.33
2.59,3.28,3.36,3.58
3.08,3.11,3.18,3.42
3.12,3.58,3.45,3.66
3.32,3.6,3.7,3.65
2.89,3.34,3.27,3.72
2.58,2.75,2.61,3.65
2.57,1.64,3.21,1.75
3.06,2.39,3.53,1.75
2.8,2.39,2.24,1.75
3.02,2.77,2.6,3.5
2.98,2.8,3.49,3.25
2.86,2.78,3.03,3.5
3.11,2.88,2.34,3.5
3.32,2.95,3.47,3.5
3.14,2.93,3.6,3.5
3.25,3.16,3.66,3.5
3.39,2.85,3.16,3.5
2.89,3.32,3.45,3.25
3.05,2.92,3.17,3.2
3.13,3.32,3.29,3.06
3.16,3.12,3.19,3.35
3.31,3.04,3.25,3.38
2.4,2.41,2.87,3.17
3.28,3.31,3.33,3.04
3.36,3.44,3.35,3.26
3.63,3.45,3.48,3.44
3.18,3.38,3.25,3.09
3.65,3.76,3.2,3.37
2.89,3.27,2.68,2.12
3.12,3.0,3.12,3.11
3.29,3.41,3.26,2.99
3.59,3.62,3.34,3.38
2.94,3.26,3.32,1.68
3.29,3.3,3.24,3.08
3.15,3.26,3.05,2.79
3.5,3.44,3.56,3.38
3.17,3.19,3.23,3.12
3.5,3.53,3.37,3.04
3.34,3.38,3.39,3.27
3.41,3.47,3.6,3.18
3.25,3.38,3.44,3.2
3.39,3.59,3.55,3.29
3.34,3.26,3.32,3.02
3.48,3.41,3.61,3.36
3.58,3.51,3.3,3.04
3.49,3.49,3.63,3.51
2.89,2.77,2.71,2.65
3.2,3.24,3.2,3.08
3.3,3.49,3.49,3.47
3.43,3.5,3.23,3.18
3.08,2.92,2.75,2.89
3.14,3.05,2.83,2.98
3.28,3.48,3.42,3.09
3.01,2.9,2.71,2.76
3.2,3.15,3.15,2.92
3.47,3.41,3.42,3.17
3.38,3.41,3.14,2.97
3.53,3.39,3.56,3.2
3.53,3.69,3.73,3.78
3.12,3.12,3.18,3.18
3.32,3.4,3.3,3.22
3.34,3.49,3.52,3.38
3.38,3.45,3.55,3.12
3.19,3.15,3.06,2.99
3.6,3.48,3.6,3.27
3.07,3.17,3.01,3.26
3.25,3.24,3.29,3.53
3.08,3.19,3.0,3.4
3.4,3.32,3.42,3.66
3.5,3.6,3.76,3.75
3.2,3.14,3.29,3.4
3.3,3.35,3.39,3.6
3.52,3.76,3.78,3.91
3.09,3.12,3.03,3.18
3.11,3.15,3.11,3.33
3.22,3.3,3.51,3.59
3.07,3.21,3.11,3.41
3.17,3.23,3.18,3.45
3.22,3.19,3.09,3.39
3.19,3.37,3.58,3.6
3.07,3.2,3.16,3.32
3.32,3.39,3.5,3.66
3.24,3.54,3.67,3.6
3.17,3.29,3.3,3.49
3.16,3.14,3.12,3.35
3.11,3.11,3.05,3.2
3.22,3.17,3.13,3.36
3.3,3.26,3.39,3.5
3.31,3.51,3.45,3.62
2.86,2.73,3.36,3.15
3.3,3.55,3.44,3.65
2.97,2.75,3.36,3.01
3.08,2.91,3.43,3.37
3.14,3.11,3.21,3.2
3.15,3.05,3.43,3.09
2.9,2.75,3.09,3.11
3.61,3.62,3.68,3.25
3.6,3.5,3.35,3.18
3.6,3.75,3.61,3.45
3.25,3.5,3.54,3.39
3.75,3.5,3.68,3.66
3.4,3.42,3.64,3.32
3.52,3.84,3.67,3.5
3.18,3.21,3.36,3.48
3.12,3.0,3.23,3.34
3.12,3.0,3.4,3.35
3.23,2.96,3.19,3.32
3.31,3.15,3.27,3.34
3.05,2.92,3.0,3.38
3.14,3.23,3.25,3.45
3.06,3.12,3.0,3.31
3.25,3.02,3.32,3.43
3.18,3.12,3.41,3.52
3.0,2.85,2.81,3.35
3.23,3.28,3.54,3.57
3.15,3.05,3.27,3.52
3.18,2.93,3.16,3.08
3.0,3.23,3.39,3.43
3.03,3.02,3.23,3.43
3.25,2.96,3.36,3.45
3.12,3.1,3.32,3.48
3.28,3.23,3.18,3.36
3.09,3.09,3.48,3.5
3.07,2.89,3.25,3.35
3.11,2.9,3.23,3.45
3.12,3.2,3.06,3.32
3.02,3.15,3.23,3.29
3.02,3.19,3.34,3.41
3.14,3.45,3.42,3.43
3.3,3.58,3.48,3.52
2.86,3.21,3.08,3.19
3.07,3.23,3.38,3.43
3.22,3.4,3.3,3.45
3.3,3.42,3.29,3.43
3.1,3.17,3.32,3.23
3.25,3.4,3.36,3.43
3.1,3.1,3.25,3.35
3.33,3.5,3.31,3.52
3.09,3.37,3.23,3.34
3.22,3.31,3.3,3.45
3.02,3.48,3.15,3.33
3.2,3.15,3.35,3.4
3.11,3.19,3.32,3.48
3.48,3.35,3.48,3.34
3.38,3.27,3.48,3.58
3.55,3.5,3.42,3.55
3.4,3.62,3.55,3.55
3.45,3.38,3.45,3.55
3.55,3.65,3.59,3.61
3.52,3.44,3.36,3.43
3.68,3.67,3.41,3.61
3.65,3.48,3.39,3.64
3.42,3.48,3.33,3.5
3.42,3.62,3.42,3.59
3.48,3.44,3.41,3.48
3.52,3.5,3.41,3.48
3.48,3.5,3.41,3.57
3.52,3.52,3.48,3.66
3.6,3.42,3.39,3.59
3.55,3.6,3.34,3.41
3.5,3.46,3.32,3.39
3.34,3.61,3.2,3.45
3.52,3.4,3.36,3.52
3.45,3.44,3.23,3.32
3.48,3.5,3.36,3.34
3.65,3.56,3.25,3.55
3.55,3.39,3.45,3.5
3.62,3.62,3.43,3.52
3.28,3.27,3.27,3.48
3.5,3.65,3.23,3.52
3.48,3.6,3.34,3.43
3.75,3.81,3.64,3.73
3.45,3.4,3.36,3.48
3.48,3.5,3.27,3.57
3.58,3.58,3.48,3.48
3.61,3.42,3.25,3.5
3.42,3.6,3.45,3.55
3.1,3.14,3.39,3.39
3.55,3.46,3.39,3.64
3.58,3.62,3.45,3.57
3.62,3.75,3.52,3.59
3.0,2.94,3.07,3.5
3.44,3.35,3.16,3.5
3.46,3.06,3.39,3.45
3.34,3.32,3.27,3.25
3.11,3.38,2.94,3.2
3.3,3.35,3.38,3.18
3.48,3.64,3.42,3.28
3.25,3.34,3.32,3.38
3.2,3.48,3.15,3.22
3.5,3.5,3.47,3.25
3.32,3.55,3.25,3.2
3.23,3.32,3.23,3.25
3.18,3.23,3.05,3.15
3.2,3.43,3.48,3.62
3.45,3.45,3.15,3.06
3.64,3.52,3.57,3.55
3.32,3.55,3.25,3.18
3.39,3.0,2.98,2.67
3.09,3.28,3.18,3.3
3.36,3.36,3.23,3.2
3.14,3.32,3.16,2.71
3.34,2.91,3.3,3.28
3.45,3.39,3.35,3.39
3.36,3.5,3.32,3.2
3.32,3.4,3.25,3.28
3.43,3.41,3.32,3.5
3.17,3.43,3.45,3.1
3.48,3.41,3.18,3.35
3.55,3.45,3.19,3.38
3.41,3.62,3.48,3.38
3.05,3.46,3.23,3.41
3.2,3.25,2.91,3.16
3.16,3.43,3.35,3.48
2.94,3.22,2.9,3.27
3.3,3.45,3.3,3.4
3.6,3.5,3.57,3.7
3.55,3.42,3.4,3.59
3.55,3.57,3.59,3.62
3.68,3.75,3.73,3.62
3.2,3.35,3.52,3.62
3.5,3.4,3.52,3.55
3.5,3.45,3.27,3.38
3.32,3.45,3.27,3.23
3.42,3.42,3.41,3.75
3.64,3.55,3.57,3.68
3.36,3.35,3.43,3.52
3.52,3.65,3.57,3.52
3.45,3.22,3.39,3.4
3.27,3.45,3.45,3.55
3.73,3.48,3.55,3.68
3.55,3.58,3.3,3.45
3.48,3.48,3.5,3.42
3.39,3.44,3.25,3.35
3.34,3.22,3.5,3.15
3.5,3.25,3.25,3.38
3.39,3.3,3.56,3.45
3.52,3.58,3.2,3.6
3.45,3.45,3.61,3.4
3.64,3.55,3.61,3.72
3.5,3.6,3.45,3.55
3.62,3.43,3.34,3.43
3.08,3.43,3.29,3.13
3.21,3.43,2.88,3.21
3.23,3.36,3.04,3.44
3.25,3.23,3.15,3.16
2.98,3.25,3.23,3.41
3.19,3.27,3.06,3.39
3.29,3.25,3.12,3.46
3.33,3.25,3.27,3.25
3.02,3.27,3.11,3.46
3.25,3.23,3.1,3.44
3.61,3.55,3.43,3.7
3.5,3.32,3.08,3.38
3.56,3.41,3.48,3.46
3.48,3.41,3.35,3.52
2.98,3.16,3.33,3.35
3.5,3.27,3.15,3.34
3.31,3.2,3.12,3.46
3.46,3.27,3.12,3.46
3.27,3.41,3.23,3.69
3.48,3.48,3.58,3.65
3.52,3.09,3.31,3.62
3.5,3.02,2.96,3.32
3.5,3.39,3.29,3.5
3.42,3.5,3.35,3.5
3.08,3.47,3.12,3.46
3.44,3.36,3.23,3.48
3.29,3.11,3.1,3.27
3.34,3.32,3.38,3.33
3.33,3.23,3.42,3.48
3.34,3.0,3.52,3.4
3.48,3.18,3.44,3.58
3.44,3.27,3.31,3.44
3.33,3.25,3.42,3.31
3.4,3.34,3.44,3.6
3.25,3.25,3.35,3.5
3.29,2.95,3.4,3.42
3.46,3.2,3.5,3.54
3.4,3.39,3.48,3.62
3.31,3.27,3.52,3.56
3.35,3.34,3.48,3.62
3.48,3.27,3.5,3.6
3.4,3.25,3.5,3.58
3.35,3.34,3.48,3.58
3.38,3.27,3.52,3.56
3.42,3.27,3.38,3.62
3.33,3.23,3.46,3.6
3.38,3.39,3.56,3.67
3.42,3.36,3.5,3.58
3.25,3.34,3.44,3.6
3.38,3.41,3.4,3.56
3.38,3.16,3.5,3.56
3.29,3.41,3.38,3.48
3.35,3.39,3.48,3.58
3.46,3.59,3.25,3.12
3.52,3.31,3.14,3.32
3.39,3.33,3.27,3.35
3.5,3.52,3.23,3.48
3.61,3.44,3.14,3.65
3.57,3.33,3.18,3.52
3.52,3.44,3.23,3.43
3.59,3.4,3.11,3.45
3.39,3.16,3.07,3.14
3.43,3.04,3.34,3.45
3.48,3.52,3.42,3.48
3.66,3.6,3.23,3.45
3.43,3.48,3.02,2.92
3.55,3.44,3.11,3.38
3.59,3.75,3.43,3.5
3.59,3.56,3.41,3.48
3.75,3.9,3.55,3.72
3.33,3.56,3.2,3.45
3.64,3.62,3.43,3.42
3.45,3.46,3.27,3.48
3.64,3.6,3.41,3.5
3.4,3.25,3.19,3.15
3.35,3.42,3.5,3.39
3.22,3.33,3.46,3.25
3.0,3.32,3.4,3.31
3.17,3.3,3.27,3.5
3.33,3.25,3.2,3.36
3.32,3.44,3.44,3.45
3.28,3.35,3.42,3.48
3.31,3.2,3.31,3.34
3.28,3.2,3.06,3.14
3.22,3.22,3.27,3.23
3.32,3.32,3.33,3.47
2.92,3.2,3.12,3.16
3.02,3.05,3.1,3.34
3.22,3.45,3.54,3.2
3.3,3.38,3.45,3.36
3.2,3.32,3.23,3.35
3.25,3.38,3.48,3.43
3.53,3.39,3.19,3.42
3.05,3.2,3.33,3.41
3.3,3.48,2.96,3.09
3.27,3.18,3.27,3.31
3.05,3.28,3.21,3.4
3.15,3.38,3.5,3.43
3.6,3.6,3.56,3.55
3.55,3.25,3.12,3.08
3.36,3.62,3.52,3.55
3.19,3.45,3.17,3.11
3.18,3.42,3.19,3.23
3.39,3.3,3.19,3.2
3.56,3.5,3.12,3.04
3.35,3.62,3.42,3.32
3.68,3.48,3.27,3.39
3.62,3.52,3.52,3.39
3.35,3.28,3.35,3.5
3.39,3.5,3.17,3.09
3.35,3.28,3.27,3.39
3.35,3.08,3.18,3.09
3.59,3.2,3.38,3.15
3.5,3.45,3.44,3.35
3.55,3.65,3.58,3.64
3.52,3.35,3.42,3.3
3.5,3.22,3.33,3.48
3.33,3.25,3.17,3.16
3.32,3.18,3.23,3.3
3.42,3.18,3.18,3.06
3.52,3.42,3.23,3.28
3.4,3.3,3.12,3.39
3.36,3.18,3.31,2.91
3.32,3.25,3.17,3.18
2.66,3.05,3.04,1.28
3.38,3.3,3.28,3.44
3.49,3.15,3.36,3.48
3.53,3.65,3.68,3.66
3.5,3.28,3.28,3.48
3.44,3.33,3.6,3.61
3.26,3.31,3.48,3.27
3.54,3.5,3.41,3.67
3.47,3.4,3.48,3.61
3.55,3.48,3.59,3.7
3.25,3.65,3.58,3.59
3.58,3.38,3.55,3.68
3.72,3.75,3.73,3.69
3.29,3.06,3.15,3.21
2.92,2.7,2.89,3.25
3.2,2.9,3.06,3.25
2.98,2.7,2.96,2.92
3.23,3.16,3.16,2.84
3.4,3.33,3.29,3.33
3.45,3.06,3.19,3.52
3.44,3.39,3.38,3.54
3.5,3.5,3.44,3.52
3.28,3.14,3.19,3.14
3.18,3.22,3.14,3.35
3.08,3.04,3.07,3.06
2.93,3.03,3.1,3.15
3.23,3.12,3.2,3.35
3.07,3.19,3.39,3.38
3.36,3.25,3.33,3.6
3.66,3.67,3.75,3.83
3.52,3.44,3.21,3.5
3.52,3.25,3.52,3.67
3.32,3.0,3.08,3.27
3.15,3.06,3.19,3.15
3.52,3.5,3.67,3.67
3.11,3.5,3.46,3.46
3.39,3.31,3.35,3.5
3.32,3.36,3.62,3.52
3.48,3.5,3.65,3.73
2.98,3.41,3.47,3.6
3.32,3.22,3.42,3.55
2.98,3.41,3.32,3.45
2.86,3.14,3.37,3.44
3.28,3.25,3.15,3.19
3.0,3.42,2.92,2.85
2.94,3.25,3.12,2.81
3.31,3.31,3.12,3.46
3.23,3.48,3.5,3.79
2.92,3.14,3.2,3.5
2.88,3.05,2.92,3.27
3.24,3.14,3.48,3.62
3.24,2.65,3.4,3.75
3.19,3.6,3.41,3.59
2.9,3.01,2.93,3.47
2.97,2.99,3.25,3.38
3.26,3.45,3.55,3.75
3.49,3.59,3.47,3.66
3.12,3.38,3.4,3.53
3.56,3.51,3.51,3.78
2.85,3.35,3.09,3.08
3.05,3.46,3.11,3.5
3.34,3.35,3.78,3.59
2.64,3.35,3.08,3.47
2.84,3.11,3.06,3.17
3.19,2.88,3.29,3.19
3.58,3.81,3.64,3.56
3.03,2.74,3.06,2.9
2.77,3.03,3.25,3.06
3.13,3.0,3.32,3.22
2.88,2.6,2.85,3.25
3.0,3.48,3.38,3.44
2.9,3.0,3.18,3.16
2.66,3.02,3.3,3.3
3.72,3.62,3.57,3.58
3.41,3.72,3.55,3.56
3.65,3.62,3.54,3.62
3.52,3.36,3.55,3.47
3.49,3.38,3.24,3.36
3.52,3.6,3.47,3.56
3.26,3.32,3.45,3.34
3.68,3.71,3.76,3.62
3.52,3.7,3.6,3.56
3.43,3.48,3.59,3.53
3.31,3.38,3.41,3.47
3.4,3.34,3.4,3.44
3.61,3.34,3.54,3.56
3.42,3.06,3.39,3.34
3.58,3.74,3.59,3.56
3.26,3.41,3.45,3.41
3.5,3.45,3.37,3.59
3.53,3.42,3.59,3.47
3.24,3.38,3.41,3.44
3.49,3.35,3.48,3.47
3.22,3.39,3.51,3.41
3.37,3.42,3.52,3.41
3.7,3.85,3.92,3.59
3.23,3.27,3.54,3.41
3.46,3.5,3.3,3.34
3.6,3.64,3.69,3.47
3.39,3.54,3.55,3.47
3.6,3.54,3.57,3.41
3.04,3.22,3.14,3.52
3.53,3.19,3.51,3.59
3.41,3.21,3.17,3.16
3.15,3.03,2.93,2.82
3.39,3.39,3.18,3.64
3.42,3.33,3.7,3.69
3.08,3.17,3.08,3.31
3.21,3.05,3.02,3.25
3.2,3.08,3.18,3.36
3.35,3.14,3.28,3.31
3.19,3.07,2.93,3.52
3.16,3.27,3.26,3.36
3.34,2.98,3.15,3.49
3.01,3.0,3.09,3.32
2.92,2.83,3.01,3.3
2.91,3.25,3.11,3.59
3.59,3.38,3.35,3.77
3.35,3.32,3.33,3.5
3.59,3.49,3.23,3.73
3.36,3.31,3.3,3.57
3.39,3.76,3.32,3.76
3.4,3.36,3.28,3.49
3.3,3.54,2.98,3.73
3.67,3.83,3.45,3.76
3.54,3.54,3.35,3.7
3.33,3.47,3.06,3.59
3.23,3.25,3.15,3.73
3.52,3.54,3.39,3.73
3.46,3.52,3.41,3.56
3.04,3.34,3.29,3.38
3.22,3.35,3.31,3.56
3.29,3.46,3.28,3.47
3.04,3.33,3.05,3.16
3.39,3.35,3.52,3.56
3.39,3.49,2.97,3.46
3.26,3.52,3.43,3.53
3.24,3.22,3.08,2.69
3.26,3.58,3.46,3.59
3.36,3.44,3.23,3.53
3.29,3.51,3.21,3.31
3.59,3.83,3.85,3.75
3.45,3.69,3.47,3.53
3.26,3.29,3.27,3.47
3.28,3.36,3.21,3.34
3.34,3.27,3.02,3.5
3.51,3.68,3.71,3.59
3.18,3.38,3.51,3.53
3.09,3.42,3.4,3.41
3.36,3.57,3.63,3.59
3.26,3.44,3.6,3.53
3.12,3.14,3.3,3.48
3.26,3.11,3.03,3.59
3.49,3.13,3.39,3.32
3.17,3.48,3.17,3.59
3.67,3.74,3.49,3.58
3.42,3.29,3.54,3.72
3.04,3.14,3.27,2.84
3.62,3.77,3.74,3.78
3.37,3.59,3.68,3.32
2.91,2.58,2.94,3.06
3.3,3.34,3.38,3.41
3.16,3.21,2.92,2.98
3.11,3.46,3.25,3.16
3.28,3.48,3.42,3.39
3.54,3.52,3.61,3.69
3.24,2.91,3.14,3.2
3.36,3.59,3.28,3.33
3.16,3.18,3.29,3.57
3.42,3.5,3.55,3.62
3.14,3.22,3.1,3.51
3.22,3.09,3.15,3.46
3.12,3.0,2.87,3.4
3.1,3.15,2.98,3.45
3.08,3.22,3.27,3.52
2.98,2.84,3.11,3.28
3.06,3.23,3.29,3.42
3.35,3.18,3.38,3.67
3.1,3.11,3.18,3.51
3.24,3.23,3.4,3.66
3.28,3.15,3.15,3.41
3.54,3.41,3.49,3.6
3.15,3.05,3.19,3.52
3.19,3.0,3.19,3.4
3.23,3.03,3.18,3.45
3.5,3.05,3.2,3.45
3.06,3.15,3.14,3.43
3.07,2.99,3.29,3.45
3.17,3.1,3.02,3.38
3.51,3.27,3.6,3.54
3.0,2.92,3.19,3.43
3.33,3.2,3.23,3.46
3.12,2.95,3.08,3.45
3.55,3.55,3.64,3.71
3.02,2.74,2.82,3.18
3.33,3.23,3.4,3.71
3.27,3.22,3.38,3.71
3.21,3.27,3.25,3.64
3.11,2.83,2.99,3.47
3.06,2.78,3.04,3.47
3.05,3.23,3.05,3.4
3.4,3.19,3.44,3.52
3.0,2.99,3.2,3.58
3.47,3.2,3.63,3.64
3.09,2.99,3.11,3.53
3.21,3.07,3.05,3.49
3.28,3.31,3.21,3.59
3.21,3.27,3.31,3.52
3.3,3.16,3.35,3.6
3.26,3.27,3.42,3.63
3.07,3.14,3.14,3.31
3.2,3.25,3.32,3.49
3.23,3.14,3.05,3.56
3.09,3.21,3.24,3.5
3.26,3.13,3.24,3.52
3.49,3.31,3.66,3.81
3.41,3.27,3.53,3.53
3.19,3.14,3.17,3.42
3.26,3.26,3.43,3.58
3.44,3.46,3.49,3.55
3.25,3.06,3.11,3.35
3.14,3.04,2.96,3.15
3.42,3.21,3.38,3.53
3.25,3.17,3.16,3.51
3.49,3.3,3.25,3.55
3.47,3.42,3.26,3.74
3.24,3.4,3.22,3.49
3.2,3.11,3.22,3.51
3.32,3.25,3.46,3.73
3.09,3.12,3.14,3.49
3.34,3.31,3.33,3.55
3.16,3.11,3.13,3.44
3.08,3.12,2.96,3.32
3.36,3.27,3.5,3.72
3.27,3.23,3.21,3.47
3.34,3.37,3.43,3.53
3.15,3.18,3.35,3.54
3.47,2.91,3.34,3.5
3.17,3.12,3.35,3.5
3.29,3.27,3.38,3.68
3.29,3.28,3.49,3.58
3.19,3.27,3.32,3.55
3.62,3.39,3.56,3.72
3.42,3.28,3.5,3.58
2.98,3.12,3.24,3.58
3.13,2.96,3.21,3.38
3.2,3.26,3.36,3.5
3.07,3.04,3.39,3.55
3.29,3.22,3.33,3.68
3.31,3.25,3.44,3.52
3.44,3.35,3.5,3.5
3.18,3.05,3.05,3.27
