nama,1,2
Taruna-1,2.749080237694725,2.3702658576772393
Taruna-2,3.9014286128198323,3.083801894756716
Taruna-3,3.46398788362281,3.7458916717528163
Taruna-4,3.197316968394073,3.4644497728191226
Taruna-5,2.312037280884873,3.6131222957228992
Taruna-6,2.3119890406724055,3.317566733421435
Taruna-7,2.116167224336399,3.384553129035705
Taruna-8,3.73235229154987,3.698391303130639
Taruna-9,3.2022300234864174,2.499336017718372
Taruna-10,3.416145155592091,2.978849927286281
Taruna-11,2.041168988591605,2.4424188836392045
Taruna-12,3.9398197043239884,3.9753360159932942
Taruna-13,3.6648852816008435,3.8881186793732265
Taruna-14,2.4246782213565523,2.078853622737012
Taruna-15,2.3636499344142012,3.411150345031377
Taruna-16,2.3668090197068676,3.8504966348313316
Taruna-17,2.6084844859190754,2.361150690254667
Taruna-18,3.049512863264476,3.1358904611052587
Taruna-19,2.8638900372842313,3.8309765951760837
Taruna-20,2.582458280396084,2.0678919571715975
Taruna-21,3.223705789444759,3.39484053449368
Taruna-22,2.278987721304084,2.5946980147451013
Taruna-23,2.5842892970704363,3.8487923907530606
Taruna-24,2.7327236865873834,3.9421164903307355
Taruna-25,2.912139968434072,3.888532978226868
Taruna-26,3.570351922786027,2.9484284333149278
Taruna-27,2.3993475643167193,3.7240853019786266
Taruna-28,3.0284688768272234,3.689098797070141
Taruna-29,3.184829137724085,2.6382009464865113
Taruna-30,2.0929008254399957,3.6578309483013545
Taruna-31,3.2150897038028767,2.0740152694309852
Taruna-32,2.341048247374583,3.192539756964106
Taruna-33,2.130103185970559,2.460017674575406
Taruna-34,3.8977710745066663,2.2411337715545576
Taruna-35,3.9312640661491187,2.1539064032584183
Taruna-36,3.6167946962329225,3.3925775517562795
Taruna-37,2.609227538346741,2.6797499275361325
Taruna-38,2.1953442280127677,3.449533543057523
Taruna-39,3.3684660530243136,2.1307126815978847
Taruna-40,2.8803049874792026,2.6305806756612204
Taruna-41,2.2440764696895577,3.0789825847506744
Taruna-42,2.9903538202225404,3.5814463296779273
Taruna-43,2.068777042230437,2.63750500586414
Taruna-44,3.818640804157564,3.251782752874018
Taruna-45,2.517559963200034,3.7719554964723745
Taruna-46,3.325044568707964,3.231726376364609
Taruna-47,2.623422152178822,2.4659189495072678
Taruna-48,3.0401360423556216,2.0488015631130763
Taruna-49,3.0934205586865593,3.7401977478018598
Taruna-50,2.3697089110510543,2.0425388217007745
Taruna-51,3.939169255529117,3.749403345368399
Taruna-52,3.550265646722229,3.057874268054424
Taruna-53,3.8789978831283785,3.878135397025792
Taruna-54,3.789654700855298,3.5975664715473306
Taruna-55,3.19579995762217,3.995868221066675
Taruna-56,3.8437484700462337,2.7014236309034203
Taruna-57,2.176985004103839,3.534376577862254
Taruna-58,2.3919657248382906,2.8038618272184843
Taruna-59,2.090454577821076,2.959751240607818
Taruna-60,2.650660661526529,3.25501092643674
Taruna-61,2.7773545793789642,3.7473542283726777
Taruna-62,2.5426980635477916,3.96816693839859
Taruna-63,3.6574750183038587,3.5365468277290364
Taruna-64,2.713506653387179,2.8355335643346677
Taruna-65,2.5618690193747615,2.84271400455414
Taruna-66,3.085392166316497,3.4751646031777828
Taruna-67,2.2818484499495253,2.4775542915366047
Taruna-68,3.6043939615080793,2.2209482262627893
Taruna-69,2.1491012873595414,2.709244315281553
Taruna-70,3.9737738732010346,2.5744779833081637
Taruna-71,3.544489538593315,2.59261624091198
Taruna-72,2.397431363068345,2.46721550209982
Taruna-73,2.011044234247205,2.0841863792727238
Taruna-74,3.6309228569096685,2.0357478694668276
Taruna-75,3.4137146876952342,3.9754447794720633
Taruna-76,3.4580143360819746,2.8555462674717247
Taruna-77,3.5425406933718913,2.768653294319363
Taruna-78,2.148089303468181,3.35929456538614
Taruna-79,2.7169314570885454,2.4365077757301283
Taruna-80,2.2317381190502594,3.8999223679004507
Taruna-81,3.7262068517511873,3.5726900288311043
Taruna-82,3.246596253655116,2.178822004624519
Taruna-83,2.6617960497052984,2.8351615515698567
Taruna-84,2.1271167005720475,3.7582366151243294
Taruna-85,2.6219646434313244,3.8894640445828204
Taruna-86,2.650366644053494,2.9348030224997395
Taruna-87,3.459212356676128,3.2268227784214156
Taruna-88,3.2751149427104265,2.3340678921841507
Taruna-89,3.774425485152653,3.982337252273953
Taruna-90,2.944429850323899,2.4633434027668866
Taruna-91,2.2391884918766034,3.885463548270251
Taruna-92,3.42648957444599,3.299293297984737
Taruna-93,3.521570097233795,3.2154735897577185
Taruna-94,3.1225543951389927,3.025377022033017
Taruna-95,3.541934359909122,2.461339623435517
Taruna-96,2.9875911927287815,2.3530560640110165
Taruna-97,3.0454656587639883,2.4409724181403507
Taruna-98,2.855082036717099,2.3728765242885093
Taruna-99,2.05083825348819,3.5591689471335064
Taruna-100,2.215782853986609,2.70025051833346
Taruna-101,2.0628583713734683,2.1156853531267927
Taruna-102,3.272820822527561,3.938205260281623
Taruna-103,2.6287119621526536,3.7675717699268514
Taruna-104,3.0171413823294055,3.855504566390426
Taruna-105,3.8151329478521863,3.989815645292871
Taruna-106,2.49858445829775,2.3477904984389744
Taruna-107,2.8207658460712595,2.7924840378053175
Taruna-108,3.5111022770860973,3.5164769514081824
Taruna-109,2.457596330983245,3.3920412361075845
Taruna-110,2.1539598196575858,2.30779181267971
Taruna-111,2.5795029058275363,3.6316662499812358
Taruna-112,2.322442574508009,2.4488811436733213
Taruna-113,3.859395304685146,2.447635229645246
Taruna-114,3.616240759128834,3.073948845786827
Taruna-115,3.266807513020847,3.185879869683406
Taruna-116,3.7429211803754354,3.160172415675622
Taruna-117,3.6073441537982287,2.1829736747955097
Taruna-118,2.3731401177720715,3.7549217252607607
Taruna-119,3.7851179969799555,2.531200085177412
Taruna-120,3.078684483831301,2.2590298425656083
Taruna-121,3.6148803103281253,3.7774961597379546
Taruna-122,3.7921825998469867,3.911302996459507
Taruna-123,2.6360069499437278,3.7242552345309012
Taruna-124,2.2201038490553535,3.6190321494497564
Taruna-125,2.4558703250838834,3.3104839612780435
Taruna-126,2.8542155772525124,3.1017147412182786
Taruna-127,3.6360295318449865,2.1739735198228205
Taruna-128,3.721461166512687,2.816906426141397
Taruna-129,2.0139042610623816,2.745377034024628
Taruna-130,3.0214946051551315,2.5195075675206526
Taruna-131,2.834822006297558,3.44684022737717
Taruna-132,2.4442156209414607,2.9917514701575416
Taruna-133,2.239730734667366,2.162092431815296
Taruna-134,2.675230342807256,2.4403664038996227
Taruna-135,3.8858194078250383,3.366517527319192
Taruna-136,2.6464058640415105,2.1522617189806006
Taruna-137,3.0375812434867324,3.702413828097537
Taruna-138,3.4060379177903557,2.9902930540279486
Taruna-139,2.727259204758588,2.961173154653296
Taruna-140,3.9435641654419213,3.184815569319035
Taruna-141,3.9248945898842225,3.649361931850298
Taruna-142,2.5035645916507283,2.695618415804386
Taruna-143,2.994497011784771,3.356032305118127
Taruna-144,2.601756619633539,3.1314639279915824
Taruna-145,2.5696809887549352,2.5340565403388426
Taruna-146,2.0737738947090656,3.757259972710316
Taruna-147,3.2191286679597937,3.594852043213856
Taruna-148,3.005358046457723,3.3169036693168508
Taruna-149,2.1029575024999785,3.701163458188484
Taruna-150,2.557292928473223,3.7345884019196047
Taruna-151,3.8165317719333074,3.4167259534300696
Taruna-152,2.4791237813339446,3.674026656727344
Taruna-153,2.289789744182446,3.3949429233385673
Taruna-154,2.9789055205551263,3.3602815435206006
Taruna-155,3.9713009082212016,3.2372227564303686
Taruna-156,2.484110543023001,3.5054332791152825
Taruna-157,3.344271094811757,2.3172102105861474
Taruna-158,3.523239230657435,3.761741518397857
Taruna-159,2.4752750879847993,3.743687055490464
Taruna-160,3.456432697223719,2.0584945660691183
Taruna-161,2.7355662654385062,3.6516335011295253
Taruna-162,3.2646116611871587,2.2577397349468904
Taruna-163,3.2670594215217896,2.670237708518284
Taruna-164,3.071549368149517,3.4870165125832155
Taruna-165,2.1805795401088166,2.321519792096616
Taruna-166,3.670604991178476,3.6359340482381244
Taruna-167,2.6415601299434717,3.6642683559154836
Taruna-168,2.3730370207997087,3.0149354675216724
Taruna-169,2.081550283109528,2.0127717434336674
Taruna-170,3.181785886376484,2.5740762663498256
Taruna-171,3.355128723684565,3.2338538367514844
Taruna-172,2.033175657855712,3.962372356054847
Taruna-173,3.024186116598562,3.2636270540333365
Taruna-174,2.452991550395876,2.5196071621283194
Taruna-175,3.2903455808189,3.2680114061992227
Taruna-176,2.348732858009983,3.0799707594317107
Taruna-177,3.381875476204932,3.5596907903022874
Taruna-178,2.773470692601075,2.213961277653917
Taruna-179,3.873459977473469,3.5220558050040562
Taruna-180,2.2750418882919865,3.0825331573522208
Taruna-181,2.682132702100517,3.9259840077179895
Taruna-182,2.226947042481178,2.683744332077372
Taruna-183,3.8493872365571256,3.265243786267896
Taruna-184,3.754678706761962,3.864056211020035
Taruna-185,2.515883255430311,2.2050194559813585
Taruna-186,3.319968092068358,3.8744569744729023
Taruna-187,3.6344444004024314,3.375771444601627
Taruna-188,3.110401623198925,2.1356741182103436
Taruna-189,3.0593011567120127,2.6019271338936325
Taruna-190,2.4837045818009034,3.416344177290563
Taruna-191,2.1862055356117986,2.1347012029375434
Taruna-192,3.7944315159066537,3.1643409203525463
Taruna-193,3.800836114326661,2.6917661139059135
Taruna-194,3.266202914546536,3.241831035534954
Taruna-195,2.6780595820974016,2.091484067625026
Taruna-196,2.698419149225322,3.7430736123047526
Taruna-197,3.451911357740479,3.946977938354794
Taruna-198,3.794220519905154,3.937755710571383
Taruna-199,3.7741728485302346,3.4993036634858496
Taruna-200,3.5597510917152477,2.260172480261264
Taruna-201,3.2840632923085753,3.5165263918580454
Taruna-202,2.1682799299900974,2.049173832917603
Taruna-203,2.3232574281892275,2.0442471030579945
Taruna-204,3.7971083770541583,2.6472204382990823
Taruna-205,3.21285811931918,2.9772863808093315
Taruna-206,2.018394103233259,3.5408148356155866
Taruna-207,2.2029430857320644,3.3665907532130106
Taruna-208,3.3270035382161116,2.891805412753497
Taruna-209,2.0101231676924374,2.547253332563332
Taruna-210,2.321616102834997,3.9942490003154223
Taruna-211,3.0974675787331725,2.8523626044719457
Taruna-212,3.3837903953853865,2.902774048659351
Taruna-213,3.303922519005201,2.3272476423833384
Taruna-214,2.44853861892112,3.5896190974998587
Taruna-215,3.4243584426950715,3.387364451562977
Taruna-216,2.4744981749936,2.441539225577521
Taruna-217,2.6507993963185355,2.1647620912316854
Taruna-218,3.4929828102360485,3.360998604149426
Taruna-219,3.2992657980944293,3.3090224285622707
Taruna-220,3.698446820988356,2.546519053996419
Taruna-221,3.3152257846006865,3.9017271245008205
Taruna-222,3.1366172066709432,2.3021157835618005
Taruna-223,2.187349535656185,2.864669602085204
Taruna-224,2.7354316061188673,3.8872318403351978
Taruna-225,2.530404735363451,2.8394546338522444
Taruna-226,2.487979286758167,3.277051895328171
Taruna-227,3.9460211095048914,2.7951887959255886
Taruna-228,2.786195449333521,2.5484304046973403
Taruna-229,3.7840931103542266,3.9679552959196567
Taruna-230,3.262277251994526,2.818668012630086
Taruna-231,3.589622607083297,3.788198407358269
Taruna-232,3.005274186210384,2.4599092117821724
Taruna-233,3.153807769252718,2.4262094080501666
Taruna-234,2.985035387637728,2.062268165769023
Taruna-235,2.390485975596089,3.30333365075177
Taruna-236,3.4449042305230106,2.7370526874475223
Taruna-237,2.5615447248817116,3.7287164996792743
Taruna-238,2.0486319328629077,2.9464198133831143
Taruna-239,3.290944591814336,3.9363868558294435
Taruna-240,2.354221358814098,2.3710510314062425
Taruna-241,3.8809171687058286,3.7372463359112214
Taruna-242,3.9078571540051747,3.5531937055834835
Taruna-243,3.829728780440897,3.541843689288104
Taruna-244,2.7403174005108886,3.6895664562337753
Taruna-245,2.030913233057735,3.522047981885998
Taruna-246,3.8566371251754505,3.2524406432628306
Taruna-247,2.8563682966346287,2.262489755364775
Taruna-248,3.933309638087339,2.065052358982504
Taruna-249,3.9272399541785057,3.8416956956313735
Taruna-250,3.70601891093472,3.233300629041476
Taruna-251,2.5888977841391716,3.5930745819523526
Taruna-252,2.7701954572038505,2.9630447030251004
Taruna-253,3.702273343033714,2.234616377924789
Taruna-254,2.633844010312555,2.2503715844051007
Taruna-255,2.338985493372185,3.3711305744579425
Taruna-256,3.1136025249167005,2.8606117897989254
Taruna-257,3.872309548321562,2.4010494534006734
Taruna-258,3.392059593349946,2.9831890934828738
Taruna-259,3.14012234017873,2.1284178741502684
Taruna-260,2.194352987541537,3.163942803828798
Taruna-261,3.2300144533983395,2.5379868088701953
Taruna-262,3.9801077002085266,3.595118201274376
Taruna-263,2.280168030473048,2.6207239178471475
Taruna-264,3.0366593047274737,2.9104402981636026
Taruna-265,3.754746143855911,2.0232410798162013
Taruna-266,3.4815372355084087,2.144893775589118
Taruna-267,3.394031481990536,2.7849871128133694
Taruna-268,3.4049681679742188,2.9598776694342472
Taruna-269,2.7189823024395103,3.2000410962386074
Taruna-270,2.5871836885289867,2.5833251574186065
Taruna-271,3.6187223109570272,3.3899637722530853
Taruna-272,3.6202267893583615,3.7202447943784094
Taruna-273,3.7341446371602074,3.5597019777866996
Taruna-274,3.8264811051129426,2.0792376506967143
Taruna-275,3.0226847977218756,2.961013894515658
Taruna-276,3.003032589374399,2.2098603568363497
Taruna-277,3.5965903579335503,2.4840900317250547
Taruna-278,3.2999278615555303,3.973325186534293
Taruna-279,3.403933754515407,2.2849910858030267
Taruna-280,3.591585338872202,2.997776306902712
Taruna-281,3.7800106836351324,3.236311468636238
Taruna-282,2.6759903137030716,3.404929941088208
Taruna-283,2.751165905279888,3.119297366973828
Taruna-284,2.187963879681738,2.0195416948383675
Taruna-285,3.156560281992348,2.6529226164879836
Taruna-286,2.071884547593484,3.035423286769423
Taruna-287,2.9311960362649203,2.175732998289667
Taruna-288,3.0852892694151532,2.7012538624183615
Taruna-289,2.573082504256569,2.066406217582733
Taruna-290,3.1816665211380215,2.1571569943100415
Taruna-291,2.061000499878099,2.793846552403192
Taruna-292,2.074696377498429,2.2654315080861207
Taruna-293,3.6452011213193165,3.135081696523116
Taruna-294,2.720381282822526,3.3789299382745313
Taruna-295,2.2541210253037693,3.6011733982181657
Taruna-296,3.0444865201096087,2.40030048848962
Taruna-297,3.5399871061972217,2.3349651645181395
Taruna-298,2.431642054993686,2.2091356806688003
Taruna-299,3.2457809516380003,3.2728604990872734
Taruna-300,2.170694929987536,3.412951452973802
Taruna-301,2.1033634423372156,2.063172289651284
Taruna-302,3.0627092631362958,3.8724244924873794
Taruna-303,3.081270243220213,2.103942567302945
Taruna-304,3.274859802996413,3.082592670602141
Taruna-305,3.452182667445323,3.418121038901833
Taruna-306,3.951704158925069,3.741938247492171
Taruna-307,3.0326006966023904,3.4281738642648554
Taruna-308,2.645912945882492,3.6034561661395834
Taruna-309,3.590372389537407,2.678900385085612
Taruna-310,2.5416645025241484,3.6296502274930242
Taruna-311,2.877942841411272,2.1602296927693505
Taruna-312,2.1569127626845317,3.7896333121210555
Taruna-313,2.0507014868309152,3.0951847523074725
Taruna-314,3.92529682935585,3.6345955399249874
Taruna-315,3.6719602410244114,2.9046365690366
Taruna-316,3.391948412187396,3.2871553903930497
Taruna-317,2.8179058888285398,3.0528053218722264
Taruna-318,2.3465886401416913,3.4631790435106637
Taruna-319,2.3128740853421723,2.1632599640611794
Taruna-320,2.5004857963291904,2.1207041679811276
Taruna-321,3.0984533294122407,2.494206468020293
Taruna-322,3.4291918454001244,2.3190893602263767
Taruna-323,3.3203947534354628,3.7435671331844036
Taruna-324,2.5598677938918857,2.4384279747160886
Taruna-325,3.909730561326388,3.951730511638263
Taruna-326,3.475793833391537,2.6737915835422137
Taruna-327,3.108708105022801,2.364235831377399
Taruna-328,3.2234414924687043,3.5793970142849583
Taruna-329,2.83920012485558,3.3174155510017522
Taruna-330,2.495461979002315,2.996391432906278
Taruna-331,2.711945357302523,3.1107271018752627
Taruna-332,3.515692220928738,3.438403556544528
Taruna-333,2.0287869772595117,2.4569094826625975
Taruna-334,2.2321452810138327,3.992667832113484
Taruna-335,2.0920052840435055,3.9495863242935663
Taruna-336,2.08145760463794,3.3006513726938738
Taruna-337,3.7109211680220144,2.3990849018582905
Taruna-338,3.4073157187600476,3.3604564848625826
Taruna-339,2.9483476581746504,2.1443968179583517
Taruna-340,2.195668321302003,2.0613050044116124
Taruna-341,2.9832317502336645,2.5153657770224274
Taruna-342,2.946943541561131,2.9252459134786326
Taruna-343,2.3464037398200306,3.7365450108167613
Taruna-344,2.867703298475946,3.454338139532616
Taruna-345,2.797009468794747,3.485413042399962
Taruna-346,3.231700196104433,2.8509866688961507
Taruna-347,3.2701873017352874,2.691869985093926
Taruna-348,2.090608019544089,2.742077525969205
Taruna-349,2.7492252292529424,3.9752991274721157
Taruna-350,3.2517198314284728,2.080218382824965
Taruna-351,3.006272517160175,3.734062992244897
Taruna-352,3.7129796823766448,3.1573508171447866
Taruna-353,3.3173872632378902,2.877230838379181
Taruna-354,2.3258688541628594,3.450515320830273
Taruna-355,2.1411374948008595,2.973337882849406
Taruna-356,3.2848385564126312,3.746846476163321
Taruna-357,2.053022621083244,3.801403728022517
Taruna-358,3.1715511625469266,2.843441853746911
Taruna-359,3.880460482849915,2.5536555944701034
Taruna-360,3.150948355751758,3.1847006571867245
Taruna-361,2.776339852413044,3.8247266912333817
Taruna-362,3.2865764368847064,2.421324378011333
Taruna-363,2.9165057809830333,3.2459331671269656
Taruna-364,3.09123357863187,3.263120440185041
Taruna-365,3.8829296175530503,3.466226044830562
Taruna-366,2.7722052756015483,2.2631353702545196
Taruna-367,3.9223811276478284,3.431649929364177
Taruna-368,3.8107012839121275,3.818065041331282
Taruna-369,2.391582269578593,2.359366217740484
Taruna-370,2.138722601750331,2.4750866498477553
Taruna-371,2.2015560027548533,3.942790188083279
Taruna-372,2.0364436513030997,2.3619539054189795
Taruna-373,2.188885921511857,3.7087701867391583
Taruna-374,3.366013546832714,2.9845557128960696
Taruna-375,2.1423772969204578,2.4944621488063543
Taruna-376,2.6379512605875224,3.7414998025450226
Taruna-377,3.6897506219389093,2.890610510005331
Taruna-378,2.046543871471652,3.0296347078593806
Taruna-379,3.6289369651778713,2.718466738799531
Taruna-380,2.5637095495468,3.185901702869855
Taruna-381,2.2363296552433125,2.3270477451700455
Taruna-382,3.393474330728301,2.782163073303521
Taruna-383,3.2578856935597678,3.938824644670575
Taruna-384,3.7549440270541057,2.516266865402255
Taruna-385,3.4701420876077718,3.3134733290825844
Taruna-386,3.6069618607696974,2.65038012844939
Taruna-387,2.564069145142613,3.5469462513732015
Taruna-388,2.3548790875594454,2.2617473214366997
Taruna-389,3.5012295032817167,3.9396420901570894
Taruna-390,3.6136694785345282,2.9075790827672785
Taruna-391,3.9810102840013464,2.472100926692928
Taruna-392,2.825235353822853,2.146993494660025
Taruna-393,2.7440361715855666,2.3395158101750813
Taruna-394,3.5528259214839935,3.039547897112035
Taruna-395,2.6816070805060357,2.6740063528625724
Taruna-396,3.8615146512071297,3.6577667317652187
Taruna-397,3.7168255036860236,2.861775047323612
Taruna-398,2.8579880547500367,2.49742854517526
Taruna-399,3.5017421355829947,3.2342899732080603
Taruna-400,3.5090857481693645,3.4135544337708916
Taruna-401,2.206247737671865,2.3340838158018995
Taruna-402,3.805105813359133,2.3352384325766353
Taruna-403,3.010504744895714,2.0733428538670857
Taruna-404,3.6529149322154835,3.472804030131281
Taruna-405,2.6400992020612235,3.3276090552436104
Taruna-406,3.791046456992401,2.9492617514996278
Taruna-407,2.778403357468326,3.688340897938394
Taruna-408,2.0216753029605967,3.6113403059001064
Taruna-409,3.8107639528385273,3.170708728793504
Taruna-410,2.182573353572267,3.7365425610265173
Taruna-411,2.6386272751808297,2.4116824200735367
Taruna-412,3.90012393410161,2.2238392387954558
Taruna-413,3.901214293875112,2.539499223033979
Taruna-414,3.1468757762465724,2.11417371217863
Taruna-415,3.2636744243395985,3.062339056002064
Taruna-416,2.8968910439566393,3.873211384589923
Taruna-417,2.586421543396129,2.0786870813370193
Taruna-418,2.657329090739832,2.2442198280200536
Taruna-419,3.345036912154077,2.904398056566871
Taruna-420,3.50474905887536,3.86775003505581
Taruna-421,3.583158087451697,2.632312209953501
Taruna-422,3.579236285589108,3.014469617376785
Taruna-423,2.1824122060973807,2.083145718100784
Taruna-424,2.988840609405163,2.2966864019241777
Taruna-425,2.1151175200332886,3.973260245917694
Taruna-426,3.099057764647471,3.9302373928720913
Taruna-427,2.883061002746754,2.009879961868819
Taruna-428,3.7754083655165998,3.903623570846478
Taruna-429,2.701830025104157,3.2782398756310007
Taruna-430,2.234134032855212,3.7358365890400442
Taruna-431,2.2859833641056717,2.909479711267718
Taruna-432,3.5230212634349445,3.0311920571585005
Taruna-433,3.236436126632522,2.9776931605138404
Taruna-434,2.2022453522455807,3.3337285150922087
Taruna-435,2.168213612229995,2.279302509512626
Taruna-436,3.40193826291824,2.0599471797453557
Taruna-437,2.145526012728387,2.615859883182382
Taruna-438,3.6437201185807124,3.4093615254732934
Taruna-439,3.4124844543129926,2.4037069042458965
Taruna-440,2.1626975612837995,3.3468648666498346
Taruna-441,2.169675428170384,3.9398240922145407
Taruna-442,3.973279157002351,2.187801431578837
Taruna-443,2.7485415915122404,3.3452042364502526
Taruna-444,2.7412842941337816,2.887500438609142
Taruna-445,3.625599134515005,3.736284508755011
Taruna-446,3.894497154767717,2.354299578894772
Taruna-447,3.972002127645742,3.3852519044523293
Taruna-448,3.5067563705178832,3.67623057929622
Taruna-449,2.7525191710618317,3.8892284389480465
Taruna-450,2.1670014333973375,3.3664960565792916
Taruna-451,3.5542938318548734,2.994349528016855
Taruna-452,3.11680849947161,3.2356944804024277
Taruna-453,2.848444018493953,3.7378099689574364
Taruna-454,3.812708770189472,3.141219493277659
Taruna-455,2.2223949646123025,2.060774119393674
Taruna-456,2.9852502085817183,3.8618973910139553
Taruna-457,2.0227072895348384,3.3790535020631225
Taruna-458,2.9373212839882523,3.353026771554493
Taruna-459,2.1126065513636747,2.4313503047954343
Taruna-460,2.237635832536144,3.3177709404653144
Taruna-461,2.2350524935542095,2.787728811308317
Taruna-462,3.298420604232127,3.302465954082984
Taruna-463,3.4920897585308466,2.2131860606159814
Taruna-464,3.166737530194319,3.3156906092060723
Taruna-465,3.924345096949084,3.998827451541333
Taruna-466,2.7497411590474083,2.096424077721112
Taruna-467,2.5714241725637215,3.9543483684426346
Taruna-468,3.7371982563789206,2.813815921445741
Taruna-469,2.447191677038905,3.7415069006745183
Taruna-470,3.9264450788812226,3.564770968116547
Taruna-471,2.0243089493796327,3.1340325219733356
Taruna-472,3.939757653415278,3.4768984185026532
Taruna-473,2.0863198239011522,3.7570311226026956
Taruna-474,3.782286227396142,2.8082806433020657
Taruna-475,3.0554022181726,2.6540663231264774
Taruna-476,3.985929592238601,3.3351867711271694
Taruna-477,2.1475931294707977,3.6156918838825174
Taruna-478,3.1077085688026416,3.5245702695532315
Taruna-479,3.938605071238198,3.595627297717269
Taruna-480,3.0461956883402976,2.8711666296258658
Taruna-481,3.258797276270525,3.6356684323500432
Taruna-482,3.3914973779692343,2.240418110741217
Taruna-483,2.9090821295355465,3.0889781959216993
Taruna-484,3.255116160168127,2.0115173209962434
Taruna-485,3.1686286238462005,2.6491716598005404
Taruna-486,3.802316020981978,2.732923069742796
Taruna-487,2.090892760682916,2.792345383218511
Taruna-488,2.5619263791844604,3.3909344133797243
Taruna-489,3.9008229681531175,2.7771162025406912
Taruna-490,3.7805275677818324,2.8973872452450613
Taruna-491,2.911313505571426,2.475088261748655
Taruna-492,3.2402651956030732,2.74650358325868
Taruna-493,2.554762365962265,2.4545392545263027
Taruna-494,2.3762423194475226,2.1463918475368873
Taruna-495,2.9273968098799643,3.206897186762756
Taruna-496,2.7067044560521056,3.3364255971100327
Taruna-497,3.167312223701744,3.2389806920192292
Taruna-498,2.1554692739299695,2.9269880876011447
Taruna-499,3.948789615332333,2.7595715603584594
Taruna-500,3.9724214889592058,3.7266672991436502
Taruna-501,3.3963234280394903,3.0381635702724363
Taruna-502,3.072192732688241,2.958363755259462
Taruna-503,2.6190552325726557,2.0512841316128716
Taruna-504,3.6275900394138976,2.6824956552523127
Taruna-505,3.3694623451077588,2.760391237571714
Taruna-506,2.3252338786897826,2.797645561793801
Taruna-507,3.821854368987685,3.160344738454665
Taruna-508,3.645074485846338,3.067205093453757
Taruna-509,3.899599826583848,3.2158101855868892
Taruna-510,3.45143901677672,3.5297665230842563
Taruna-511,3.2268303918715797,3.625971477432187
Taruna-512,2.8364860725812377,3.4362461524529886
Taruna-513,3.8654569667080265,3.9110473919098694
Taruna-514,3.732127779000817,2.0364651653527233
Taruna-515,2.090437340212379,2.391555971367092
Taruna-516,2.0527339489945042,2.015125749956284
Taruna-517,2.752926733756099,3.294949428309206
Taruna-518,3.621106661563666,3.796061097899974
Taruna-519,3.974552258629889,2.4869645931525985
Taruna-520,2.3008337822070564,3.8540690895926133
Taruna-521,3.1882614307042703,2.1205347805791215
Taruna-522,2.7617817132620432,3.8688720536110286
Taruna-523,3.9398287956292064,2.703245374479269
Taruna-524,3.6842378462714174,2.202841656898433
Taruna-525,3.6766574094222757,2.9717435183726515
Taruna-526,2.9373863195899403,2.5135531354410157
Taruna-527,2.8296390046753306,2.569745803923846
Taruna-528,2.5468141438614125,2.614579929852573
Taruna-529,2.1127509933018542,3.606051795665327
Taruna-530,3.7294447525101067,3.078322553350509
Taruna-531,3.6258020182601554,2.622615398312007
Taruna-532,3.999435346572261,3.2206675666218367
Taruna-533,3.9932736741478108,3.432301348446387
Taruna-534,3.110863411205255,2.5452480014670673
Taruna-535,3.537974830361021,2.827098203050703
Taruna-536,3.8895314597648563,2.243772186673895
Taruna-537,3.6992947813548227,2.3622986990693606
Taruna-538,2.494696203486395,3.3622357079299654
Taruna-539,2.9010882706201873,2.362876695391254
Taruna-540,2.25831883030299,3.0503267673341203
Taruna-541,3.9081020545174447,3.4180925234448654
Taruna-542,3.21234926890176,2.213753846189488
Taruna-543,2.4572856110069257,3.134624439257807
Taruna-544,3.3434013688117137,2.5131255674027275
Taruna-545,3.2362564809157917,3.9258537504751594
Taruna-546,2.7163254360656808,2.9670912934398492
Taruna-547,2.227115184399258,3.611985099550316
Taruna-548,3.3431463911855994,3.1004530843125235
Taruna-549,3.0406154018075866,2.0868250657096383
Taruna-550,3.5446367834712786,3.2663027511880447
Taruna-551,3.0403270022239868,3.902806684413314
Taruna-552,3.7043630006370805,3.2032236402926624
Taruna-553,3.1038136775489713,3.6383777188535804
Taruna-554,3.1218759430707728,3.768412926696816
Taruna-555,3.7533072053166903,2.456159543897865
Taruna-556,2.806965732424794,2.4240896798164533
Taruna-557,2.2680304569012817,3.2219619777019837
Taruna-558,2.057565352626678,2.822056939613409
Taruna-559,3.5102745113472382,3.6797226057334407
Taruna-560,3.2406191027069293,3.8000462467960223
Taruna-561,3.408159536198447,2.706842758605436
Taruna-562,2.4259283230178212,2.473741117948964
Taruna-563,2.2727429511735395,3.5610510304877234
Taruna-564,2.029089331335764,2.549612071096272
Taruna-565,2.701175117613194,3.6452286370273566
Taruna-566,3.179835373709266,2.8474765072975257
Taruna-567,2.7844880901994644,3.3350997985829407
Taruna-568,2.874949844047458,2.1910706276693364
Taruna-569,3.808317388987497,3.2477186493531462
Taruna-570,2.696510934046601,2.9035353574744582
Taruna-571,3.027978978319622,3.173216926350948
Taruna-572,3.567306025482286,2.336028415489727
Taruna-573,2.7930855646425403,3.473747489888364
Taruna-574,3.2441734004557468,3.725594155086457
Taruna-575,3.72472741749349,2.4334796001815513
Taruna-576,3.8990412473152842,2.1914291110403235
Taruna-577,2.294146961858076,2.047277172092673
Taruna-578,3.853175250322989,3.283943000886532
Taruna-579,2.9842325861590764,3.2141880721775618
Taruna-580,2.5164887765979165,3.09339482542814
Taruna-581,2.9182715124765224,2.463894192231951
Taruna-582,3.960065150570954,2.781811991811029
Taruna-583,2.9852361879857394,3.188952670372346
Taruna-584,2.657503220575016,2.9935337177183388
Taruna-585,3.2668017086334515,3.9755710404297746
Taruna-586,2.4802912375563864,2.2728795051134663
Taruna-587,2.1517266562173276,3.3902891080951876
Taruna-588,2.2577594438212985,2.8086375362085843
Taruna-589,2.2560916779155447,2.8563992298512293
Taruna-590,2.303805387024589,3.4351955313163525
Taruna-591,2.2776543452988203,3.3848723026487395
Taruna-592,3.281749489606429,3.9825119874043766
Taruna-593,2.3637601687982897,2.2567885789082505
Taruna-594,2.6913345666477264,2.2082192987683325
Taruna-595,3.7935768198120234,3.448677634257482
Taruna-596,2.9479232805257447,3.156773834012818
Taruna-597,3.3351154770420544,2.5483213331196115
Taruna-598,2.3446397424032597,2.158838737977973
Taruna-599,2.3845780376173416,2.1713164991928613
Taruna-600,2.0817372325329577,3.7883817493282366
Taruna-601,2.3378701261443293,2.3837346494374856
Taruna-602,2.5571806780639172,2.6467431242310413
Taruna-603,2.3540209685534936,2.453312804453976
Taruna-604,2.177405067514111,2.709992611663875
Taruna-605,2.2412717422012016,2.1388476854921867
Taruna-606,2.9215575360654515,3.0381195818165407
Taruna-607,2.412667436811585,2.13522512718443
Taruna-608,2.728539722096151,3.600713015644723
Taruna-609,3.006834541709714,2.467424163820866
Taruna-610,3.3807896572587306,3.080023829209021
Taruna-611,2.078624279682198,3.7601581751229167
Taruna-612,3.5988207978180853,3.301754738094388
Taruna-613,3.2558007789818157,3.0659155731026706
Taruna-614,2.163518063897744,2.648667506230751
Taruna-615,3.7471572482135542,2.6660038261163956
Taruna-616,3.8417448010636264,3.3389739103963803
Taruna-617,2.1221559197097273,3.988278722442335
Taruna-618,2.5537552962944075,3.323678379698757
Taruna-619,3.6124025595861227,3.11556683474005
Taruna-620,3.4965193807673165,3.4613010204784924
Taruna-621,2.3690420387127546,2.930411224567436
Taruna-622,2.4186986466734206,2.1202846852015704
Taruna-623,2.740944205582764,3.1245936317558196
Taruna-624,2.9690459703820427,3.9152505690107606
Taruna-625,3.236509543060592,2.3506058847153195
Taruna-626,2.7378272791395446,3.3800097816413315
Taruna-627,2.925069432266296,2.401867377318113
Taruna-628,3.494941876267513,3.0716553689461623
Taruna-629,2.073366405781196,2.1933528992934392
Taruna-630,2.5048738886880413,2.9007418725163703
Taruna-631,3.426699171769105,3.512326657790492
Taruna-632,3.7904136753743987,2.695143048477964
Taruna-633,3.023354884231332,3.329823448974436
Taruna-634,3.0642269705306315,3.5908999215794584
Taruna-635,2.214344022679552,3.8543556389589053
Taruna-636,2.8948247336469093,2.469284163710907
Taruna-637,3.065234532910046,2.798631831618616
Taruna-638,2.4849410072694593,2.3048320266608346
Taruna-639,2.5384864618987617,3.9849670043167507
Taruna-640,2.7545683262092453,3.854001935848591
Taruna-641,2.0401423955554527,3.079914260561119
Taruna-642,2.6441583311663566,3.6840665887528425
Taruna-643,2.422896013993089,3.041915954544084
Taruna-644,2.654994704355829,3.2471713760055194
Taruna-645,2.2395242636385024,2.1782488642320335
Taruna-646,3.78105456147979,3.510540840993616
Taruna-647,3.1871849071080973,2.25542696727047
Taruna-648,3.358204638288979,3.652135260505057
Taruna-649,3.578342477214677,3.564056175340772
Taruna-650,2.9968843978581146,3.417489395485953
Taruna-651,2.1738405761748476,2.0723207610495242
Taruna-652,3.074213083637096,2.606256711890657
Taruna-653,3.173682236041758,2.526225139821686
Taruna-654,3.49087894836866,2.720272814943038
Taruna-655,2.863319092459359,2.175285493527677
Taruna-656,2.2551606055911275,3.873915646062126
Taruna-657,2.5675518115974487,3.1076044814247528
Taruna-658,2.72616459279727,2.611048621316047
Taruna-659,3.2918344826632024,2.793963034148567
Taruna-660,3.1415566093378238,2.8944050810096713
Taruna-661,2.7121934517956925,3.201188666721235
Taruna-662,3.9730304975859596,3.0313588553929955
Taruna-663,3.211549638713774,3.8387839464288347
Taruna-664,2.474453583471989,2.9939269658116605
Taruna-665,2.2035649452408075,3.9843160296466253
Taruna-666,2.305718278368664,3.7028499154901917
Taruna-667,2.491915456769016,2.4170210287146716
Taruna-668,2.321362746519111,3.8611904292878325
Taruna-669,2.3731340481026115,2.232732795770952
Taruna-670,2.570190337387694,3.634899416982383
Taruna-671,2.3467471905895096,2.76124658695316
Taruna-672,3.7935308492528503,3.7559486408901392
Taruna-673,2.1604674913232844,3.736113380214901
Taruna-674,3.0490227791405093,3.611850800235242
Taruna-675,2.8207936539793232,3.5800608726141228
Taruna-676,3.964757233817213,2.6093582781960816
Taruna-677,2.2240778043361047,2.1618385661025044
Taruna-678,2.7957111980914835,2.805960357530323
Taruna-679,3.9389408665507375,2.347049029973017
Taruna-680,3.7310142517879603,3.3899021778049234
Taruna-681,3.6341441418985596,2.6921994530755713
Taruna-682,2.5158056540898794,3.95122040171983
Taruna-683,2.341775174780132,3.281944154690664
Taruna-684,3.337286439848862,3.644961127268722
Taruna-685,3.858751978255172,2.265049345483697
Taruna-686,3.11352578602786,3.724028964545245
Taruna-687,3.1432253789397997,3.8455143810267884
Taruna-688,2.5599581873205683,2.9741238376378716
Taruna-689,3.538985866383874,3.2125058755019547
Taruna-690,2.3740874971150467,3.529619601805991
Taruna-691,2.647358472808487,2.349677254520825
Taruna-692,2.850872877232834,3.005132152926885
Taruna-693,3.01522075736891,2.797326055544626
Taruna-694,2.4848194648301605,2.2927479843244982
Taruna-695,2.229673649478407,2.735068844583063
Taruna-696,3.221240084883265,2.136344618770987
Taruna-697,2.5772611064805115,2.051623813898974
Taruna-698,3.1624764428452243,2.2703325783096453
Taruna-699,2.308725430548405,3.9262302231783477
Taruna-700,2.9622802037096347,3.099059071790034
Taruna-701,3.0651788651031717,3.9316443223064397
Taruna-702,2.103647073644854,2.8649957566602637
Taruna-703,2.6732085563878414,2.623632266170519
Taruna-704,2.2688293538779485,3.012283725680488
Taruna-705,2.1267499409455355,2.8790233772658205
Taruna-706,3.9799204647798905,2.211329368523488
Taruna-707,2.644707689949446,3.2816526293804125
Taruna-708,3.6197488917092695,2.432076365019199
Taruna-709,2.5092813095275277,3.239175909795659
Taruna-710,3.3630054444478583,3.3004021847963068
Taruna-711,3.520455719779373,2.304049706257296
Taruna-712,3.1912774812156885,2.1226992542213363
Taruna-713,2.9431523771003167,3.5615231721368796
Taruna-714,2.823681828294537,2.91960084753864
Taruna-715,2.6977365330859904,2.1163275910109514
Taruna-716,3.8590582884956515,3.9897326343395343
Taruna-717,3.6612388155754583,2.1155611219927333
Taruna-718,3.930053821333025,3.3900704577171066
Taruna-719,2.2485944469710892,3.9673578505268274
Taruna-720,3.4617349504072887,2.4783602084318512
Taruna-721,3.8766809136420757,2.2844987373743924
Taruna-722,2.3624661323313205,2.242769878844858
Taruna-723,2.132992534733555,2.6065502951351913
Taruna-724,3.482241298580118,2.2020916220212934
Taruna-725,3.148946226359824,3.384322683388264
Taruna-726,3.683657553516544,2.124583596260125
Taruna-727,2.279544753252579,3.0188442562995794
Taruna-728,3.5905346237197806,3.9933937077059536
Taruna-729,2.403254640095489,3.6279405390120374
Taruna-730,2.327311885731409,3.2304388764620215
Taruna-731,2.328531595861986,2.6125072415732236
Taruna-732,3.629149440462764,3.247791672583277
Taruna-733,3.3303944413924,3.0540829278233033
Taruna-734,3.0461308495382386,2.852166767780743
Taruna-735,2.7176609682470048,2.261420753480399
Taruna-736,3.7544010816262166,3.7732084304809335
Taruna-737,2.7848902148452708,2.8995692976426453
Taruna-738,3.633198878943154,2.3892450236415304
Taruna-739,2.8782698171404366,2.7355187017545792
Taruna-740,2.753888858849815,2.8282595050578543
Taruna-741,2.9253595713392126,3.655075791133749
Taruna-742,2.602755748328284,3.4672287611228043
Taruna-743,3.4952187603525022,3.5386097872826796
Taruna-744,3.0054407801849585,2.0220625288572944
Taruna-745,2.4644253902936346,2.832307996359523
Taruna-746,3.799149146549137,2.9626883032706472
Taruna-747,2.767782442746423,2.0383845536461136
Taruna-748,3.087105722227977,2.5196264174900684
Taruna-749,3.8129442219290937,3.5205796462442702
Taruna-750,3.248475991827984,2.274219411457998
Taruna-751,2.2337960814167284,3.0706202629051833
Taruna-752,3.87966424722695,2.430403744034475
Taruna-753,3.2554161061428357,2.0242415492877868
Taruna-754,2.6698112293141723,2.482402915199083
Taruna-755,2.2785441453267747,3.9517475098201076
Taruna-756,3.5880503785405917,3.6030742237659794
Taruna-757,3.240145511857027,3.919153288642067
Taruna-758,3.0669221839526433,2.975708087852725
Taruna-759,3.7877851661019153,2.2194723973550072
Taruna-760,3.5771944224490615,3.095918977947386
Taruna-761,2.3033497594655024,2.9087546691199218
Taruna-762,2.6234441355910967,3.688714165479232
Taruna-763,2.4969782796289315,2.196165161568489
Taruna-764,3.487892585145354,2.9764822740435566
Taruna-765,2.067064869471559,2.3000973293879685
Taruna-766,3.139779369742633,2.6493518537801197
Taruna-767,3.524917371481381,3.474714154775599
Taruna-768,3.7535312735234987,2.9520362587375333
Taruna-769,2.6841634974318147,2.751776570291539
Taruna-770,3.6425146093440257,2.7889525571400706
Taruna-771,2.2212634739104145,2.9188935368119733
Taruna-772,3.692904583469036,3.5700330876741138
Taruna-773,2.254977324663965,3.7841693778804686
Taruna-774,2.7945745811207345,3.9106693730078566
Taruna-775,3.5945907315591072,3.57380677251059
Taruna-776,2.2998348546975476,2.6308137914960255
Taruna-777,2.4585027904652828,3.3762694121730843
Taruna-778,3.4445051367861326,2.875206248110784
Taruna-779,3.4400730730921487,2.509341244092102
Taruna-780,3.2822952657705944,3.6817431588518454
Taruna-781,3.3878968889342,2.07685269792465
Taruna-782,3.0854488866951923,3.8035239842708473
Taruna-783,2.5035981178139055,2.9229549292494683
Taruna-784,2.691391987007839,3.274402953616561
Taruna-785,2.3631954336028516,3.3187078444115654
Taruna-786,3.8169011226672565,3.790235481413073
Taruna-787,3.166783589532241,3.2733393643344146
Taruna-788,2.80170283352728,3.2278671695201235
Taruna-789,2.924011607288265,2.1333040811213797
Taruna-790,3.8945666792236304,3.036816043890408
Taruna-791,2.3067028062321606,2.300338001634083
Taruna-792,3.1724596640335943,3.474867537442971
Taruna-793,3.011777357768932,3.0244438416253487
Taruna-794,3.222908470869296,3.3604555584167066
Taruna-795,2.036220367641681,2.0833458012047688
Taruna-796,3.744247817888303,2.169584032091606
Taruna-797,3.864236564967225,3.4326467761253645
Taruna-798,3.130266367178418,2.1441686719973467
Taruna-799,3.3933016477537845,2.1425134555305174
Taruna-800,3.8449987623545914,2.024216950469775
Taruna-801,3.414477268626797,3.91300279659896
Taruna-802,2.305078085828523,3.475016718918014
Taruna-803,3.1525767203336263,2.7065028170041283
Taruna-804,3.213430092765712,2.5930711625753107
Taruna-805,2.848261342604772,2.699406459491699
Taruna-806,3.472888471249446,3.549307062362364
Taruna-807,3.8687340295380297,3.322741222140829
Taruna-808,3.8511370258135527,2.370391135734936
Taruna-809,2.901678742808264,2.3482186706681687
Taruna-810,2.2264760916815103,2.1967912994267946
Taruna-811,3.969682397924669,3.3206054394026765
Taruna-812,3.677796172891868,3.528745324443472
Taruna-813,2.249325362406534,2.530092856650008
Taruna-814,3.8416837652347446,2.0418899220618254
Taruna-815,3.7397927241242566,2.1643433349528545
Taruna-816,3.037676114252144,3.9357200696900607
Taruna-817,3.1825508714898585,2.5908895549548405
Taruna-818,2.7980054077402605,3.538446295676267
Taruna-819,2.1095232776440627,3.2493271377085273
Taruna-820,2.670394483291802,2.763879279305792
Taruna-821,3.605706897196023,2.4113745243911104
Taruna-822,2.0092640460092057,2.242772836318813
Taruna-823,2.6669983433822884,3.230025936077733
Taruna-824,2.796337387181887,3.5492675612755757
Taruna-825,3.0747912058758455,3.2878085070822616
Taruna-826,3.839711232825521,3.0606042664983164
Taruna-827,2.6926919887319225,2.0839024468632728
Taruna-828,2.6939064037924556,3.9369775551887676
Taruna-829,3.4750024962194965,3.597428383309149
Taruna-830,2.904435881779614,2.5856440734019293
Taruna-831,2.449209645879964,3.9599406587177013
Taruna-832,2.904879032265387,3.203763179272644
Taruna-833,2.2817140407595997,3.164845316414493
Taruna-834,2.3527739730124466,3.496146358859064
Taruna-835,2.9967355454789595,3.623539576180275
Taruna-836,2.837850899009096,3.3129572146630055
Taruna-837,3.8296918021362,2.2561914927324
Taruna-838,2.7247877982332662,2.676535011988997
Taruna-839,3.161176700556087,3.8561672806520995
Taruna-840,3.2645285758390608,2.449231223687704
Taruna-841,2.026188913176667,2.744334047675027
Taruna-842,3.327074744033421,2.8641537658883918
Taruna-843,2.3560719337395026,2.8788099793889046
Taruna-844,3.92214063493891,3.225879164989051
Taruna-845,2.297325455506226,3.8861516754894154
Taruna-846,2.8292482474540472,2.48138542366501
Taruna-847,2.1706993361572877,2.243002752601836
Taruna-848,3.9937485036918945,2.3949409797198746
Taruna-849,3.004390020662485,3.773849800418539
Taruna-850,3.190770034640088,3.291621625310412
Taruna-851,2.134152954776855,2.57181357847832
Taruna-852,3.4999209407983556,3.6318938779372347
Taruna-853,2.4198111861911715,3.722739992726872
Taruna-854,3.7961085788814275,3.693028677380556
Taruna-855,2.4102792809640143,3.837853067279109
Taruna-856,2.381375441327333,2.504482040346723
Taruna-857,2.07309933569619,3.510083857492557
Taruna-858,2.9441338902199985,2.92107899454828
Taruna-859,3.129682266525233,3.683997105780123
Taruna-860,2.1314172788567047,3.4569813543232266
Taruna-861,3.551055233390021,3.5528948929994493
Taruna-862,2.9065776694960554,3.3123236753621432
Taruna-863,3.0487805386551603,2.354857538939414
Taruna-864,2.881525493876456,3.0900538377938767
Taruna-865,2.801526121750652,3.969339479049016
Taruna-866,3.1192806626164358,3.8747761329942376
Taruna-867,2.310480491861425,2.0863474715940233
Taruna-868,2.3638562609905422,2.3296296314588743
Taruna-869,3.7235712420270346,2.263457546909124
Taruna-870,3.8922309242672655,3.451959819970591
Taruna-871,2.746618632559506,3.63557065971389
Taruna-872,2.5414893462871078,2.427022732621344
Taruna-873,3.2879990864780315,3.011705385903658
Taruna-874,2.817468342196193,3.6814060560224
Taruna-875,2.0507727113206897,3.465603089532501
Taruna-876,2.3123051947323807,3.0844744109836966
Taruna-877,3.431944457694795,3.1806953809175456
Taruna-878,3.3178478838203027,3.01672109383256
Taruna-879,2.054191985006967,2.595096902637641
Taruna-880,2.4439443238658987,3.130043985718032
Taruna-881,2.462149593176143,3.3777706041001814
Taruna-882,3.343785487197457,3.746645831721615
Taruna-883,2.039421075508728,3.272582707958496
Taruna-884,2.208217163969148,3.522243074086316
Taruna-885,3.599832170746379,2.320143269909146
Taruna-886,2.3570893241086672,2.92311494883958
Taruna-887,3.305492215703749,2.0186632396541864
Taruna-888,2.476365562093453,2.493357729043246
Taruna-889,2.1988827855186903,3.4529234302260097
Taruna-890,2.486344381998908,3.983619902698727
Taruna-891,3.4445338637113183,2.198356199174432
Taruna-892,3.7113929362125715,2.8029886317225765
Taruna-893,3.660439729133983,3.600141937398319
Taruna-894,2.79436705923691,2.408071269257798
Taruna-895,3.3361702731412923,3.1101698986045725
Taruna-896,2.409968590831642,3.4661425920593496
Taruna-897,2.5862954605220265,3.2319709005203583
Taruna-898,3.7926716370422398,2.376049469230832
Taruna-899,2.026003847021472,2.7107691373714786
Taruna-900,2.171017061708936,3.5675835689707944
Taruna-901,2.4157725102920544,3.1084530282640332
Taruna-902,2.053064407747639,2.0104592270858257
Taruna-903,2.3628708701795946,3.5219815200561877
Taruna-904,3.1660831219393843,2.070622709880478
Taruna-905,2.8428491011849957,3.4914675654624645
Taruna-906,3.7853434221539497,2.4049611203304746
Taruna-907,3.634887123476882,3.9161469602387604
Taruna-908,2.683634703395752,2.735881502604169
Taruna-909,2.518846866862585,2.653863232676158
Taruna-910,2.759384816334534,2.2977761006648896
Taruna-911,3.1805898850296153,2.6112084309804295
Taruna-912,2.5361272816457525,3.7533015236564014
Taruna-913,3.248297815698268,3.9926686752544946
Taruna-914,2.818823304382481,2.7366190610136965
Taruna-915,3.1040943617039605,2.897221261909085
Taruna-916,2.8722530582706334,3.444141876405474
Taruna-917,2.588931519083835,3.7723915609301493
Taruna-918,3.8969066139243136,3.1860886683735683
Taruna-919,3.5272115883195214,2.783051396355659
Taruna-920,2.280226351532905,2.8252436816972475
Taruna-921,3.7369359517958256,3.3912362929936135
Taruna-922,2.9748623964990273,2.0064365272085576
Taruna-923,3.789104453788183,3.2391786749196814
Taruna-924,3.5997105118946306,2.710986020882715
Taruna-925,2.8504270089384667,3.5883946625541685
Taruna-926,2.044938616640235,2.1859812796462643
Taruna-927,2.537354718769892,3.176404533896781
Taruna-928,3.083268429321734,2.9619457797722477
Taruna-929,3.2669564396522945,3.284651051810455
Taruna-930,2.515775370866405,2.129707188965937
Taruna-931,2.2787121481456483,3.1599675748562626
Taruna-932,3.6698604735985985,3.1229691759190477
Taruna-933,3.9688043614071042,3.1213201888323416
Taruna-934,3.0513803646053717,3.2069753331929096
Taruna-935,2.3433585716966068,3.3529358744527245
Taruna-936,2.544614653038738,3.6099779993615395
Taruna-937,2.0367813530949332,2.5396414402564287
Taruna-938,3.828597613120998,3.650098820360124
Taruna-939,2.2355021657802823,2.9965113645269073
Taruna-940,3.153032951028507,2.1541165582686626
Taruna-941,2.548110441374412,2.1171018584879584
Taruna-942,3.108356005031587,2.6684766373921214
Taruna-943,3.3028407767037287,3.569793954222935
Taruna-944,3.659483607414403,3.4153618694818313
Taruna-945,2.412842543521206,3.5772299293448127
Taruna-946,2.0219916573169607,3.0345381128832187
Taruna-947,2.2737712601376145,2.880397995910981
Taruna-948,3.80003728369621,2.2949050534125677
Taruna-949,3.7477801551250307,2.656385507218623
Taruna-950,3.1948262043406164,2.8680387323477508
Taruna-951,3.201033720867307,2.1772008593592345
Taruna-952,3.330073349092511,2.4412239054224223
Taruna-953,2.350742557246899,3.196450588127478
Taruna-954,3.8288238918499196,3.4713262284783797
Taruna-955,2.8375410497841465,3.9966950227858993
Taruna-956,2.766277056498995,3.866226662687115
Taruna-957,3.037835410565675,3.285130399070383
Taruna-958,2.09393193355011,2.8424961065881442
Taruna-959,2.332566737512159,3.2723547294164654
Taruna-960,3.476067232852741,3.571303236160464
Taruna-961,2.165597335850253,2.2366723818467746
Taruna-962,3.206304218932776,2.8198097793925765
Taruna-963,2.490698219362642,3.679604571271234
Taruna-964,2.778591228083953,2.767665903866088
Taruna-965,2.5773874735413997,3.143744542454373
Taruna-966,2.7113454329298983,3.175538721724396
Taruna-967,3.438091810368491,2.368952506267279
Taruna-968,2.5942434312463503,2.7244708833045768
Taruna-969,3.1328092805937944,2.6690225774838643
Taruna-970,2.9521008043981993,2.0523934170641294
Taruna-971,3.3273423307252963,2.0483835277827103
Taruna-972,3.873659478649516,3.6633940873515467
Taruna-973,3.4651441944205006,2.546141619945625
Taruna-974,2.4298807571815138,3.036157532477631
Taruna-975,2.0623662701225696,2.597451147177546
Taruna-976,2.5245280885996504,3.881358490230681
Taruna-977,3.19015586140051,2.5185935177315475
Taruna-978,2.1028516269685005,2.85931362547787
Taruna-979,2.992732494402473,3.7454605009692035
Taruna-980,3.1936856978337786,3.6838671335836173
Taruna-981,2.668487781633922,2.372202835692555
Taruna-982,3.541824407491644,3.605286619591421
Taruna-983,2.2131965062675434,2.9163737734757853
Taruna-984,2.1502755634716175,2.96593774417071
Taruna-985,3.4563775124072067,2.2669599448318873
Taruna-986,2.990982632412397,2.161203027514249
Taruna-987,3.376804792855472,3.4558786139475304
Taruna-988,2.8696546772074925,2.9929223047105995
Taruna-989,2.4928040664782136,2.873701405230359
Taruna-990,3.6382046353483997,3.4590164573047932
Taruna-991,3.5988317579379583,3.5310257979822195
Taruna-992,3.3893929417088535,2.317816335338707
Taruna-993,2.544290274459925,3.2204502989552823
Taruna-994,3.180461333738174,2.270708164555371
Taruna-995,2.7219477938800534,3.502750172058091
Taruna-996,2.1831641466532683,3.3139103125342793
Taruna-997,3.8346271509244856,3.913229242166916
Taruna-998,2.273637261837923,2.1379160327128424
Taruna-999,3.900474707641605,2.1141094423025084
Taruna-1000,2.8920115459159117,2.5643741493864
